scene,movables,ignored_reached,ignored_crosses,penalised_reached,penalised_crosses,penalised_hits,clear_route_at_penalty,needs_a_push,failure,start_was_trapped
real_exp/environments/v3_b2/hard_hc1/rb_00000,2,True,59,True,20,obstacle_1_movable,,True,,False
real_exp/environments/v3_b2/hard_hc1/rb_00001,2,True,42,True,24,obstacle_0_movable,,True,,False
real_exp/environments/v3_b2/hard_hc1/rb_00002,2,True,43,True,29,obstacle_0_movable,,True,,False
real_exp/environments/v3_b2/hard_hc1/rb_00003,2,True,45,True,31,obstacle_0_movable,,True,,False
real_exp/environments/v3_b2/hard_hc2/rb_00000,2,True,36,True,21,obstacle_0_movable,,True,,False
real_exp/environments/v3_b2/hard_hc2/rb_00001,2,True,65,True,26,obstacle_0_movable,,True,,False
real_exp/environments/v3_b2/hard_hc2/rb_00002,2,True,76,True,28,obstacle_0_movable,,True,,False
real_exp/environments/v3_b2/hard_hc2/rb_00003,2,True,36,True,31,obstacle_0_movable,,True,,False
real_exp/environments/v3_b2/hard_loose/rb_00059,2,True,40,True,24,obstacle_0_movable,,True,,False
real_exp/environments/v3_b2/hard_loose/rb_00061,2,True,35,True,29,obstacle_0_movable,,True,,False
real_exp/environments/v3_b2/hard_loose/rb_00062,2,True,42,True,30,obstacle_0_movable,,True,,False
real_exp/environments/v3_b2/hard_loose/rb_00063,2,True,47,True,31,obstacle_0_movable,,True,,False
real_exp/environments/v3_b2/hard_loose/rb_00064,2,True,30,True,26,obstacle_0_movable,,True,,False
real_exp/environments/v3_b2/hard_loose/rb_00068,2,True,39,True,39,obstacle_0_movable,,True,,False
real_exp/environments/v3_b2/hard_loose/rb_00070,2,True,45,True,33,obstacle_0_movable,,True,,False
real_exp/environments/v3_b2/hard_loose/rb_00073,2,True,30,True,30,obstacle_0_movable,,True,,False
real_exp/environments/v3_b2/hard_loose/rb_00074,2,True,33,True,27,obstacle_0_movable,,True,,False
real_exp/environments/v3_b2/hard_loose/rb_00076,2,True,34,True,27,obstacle_0_movable,,True,,False
real_exp/environments/v3_b2/hard_loose/rb_00079,2,True,55,True,30,obstacle_0_movable,,True,,False
real_exp/environments/v3_b2/hard_loose/rb_00082,2,True,37,True,31,obstacle_0_movable,1.25,False,,False
real_exp/environments/v3_b2/hard_loose/rb_00084,2,True,47,True,28,obstacle_0_movable,,True,,False
real_exp/environments/v3_b2/hard_loose/rb_00085,2,True,34,True,31,obstacle_0_movable,,True,,False
real_exp/environments/v3_b2/hard_loose/rb_00086,2,True,31,True,30,obstacle_0_movable,,True,,False
real_exp/environments/v3_b2/hard_loose/rb_00087,2,True,73,True,27,obstacle_0_movable,,True,,False
real_exp/environments/v3_b2/hard_loose/rb_00088,2,True,41,True,29,obstacle_0_movable,,True,,False
real_exp/environments/v3_b2/hard_loose/rb_00094,2,True,70,True,33,obstacle_0_movable,,True,,False
real_exp/environments/v3_b2/hard_loose/rb_00095,2,True,28,True,27,obstacle_0_movable,,True,,False
real_exp/environments/v3_b2/hard_loose/rb_00096,2,True,40,True,38,obstacle_0_movable,,True,,False
real_exp/environments/v3_b2/hard_loose/rb_00097,2,True,30,True,29,obstacle_0_movable,,True,,False
real_exp/environments/v3_b2/hard_loose/rb_00100,2,True,74,True,0,,1.0,False,,False
real_exp/environments/v3_b2/hard_loose/rb_00103,2,True,58,True,20,obstacle_0_movable,,True,,False
real_exp/environments/v3_b2/hard_loose/rb_00105,2,True,32,True,25,obstacle_0_movable,,True,,False
real_exp/environments/v3_b2/hard_loose/rb_00107,2,True,57,True,31,obstacle_0_movable,,True,,False
real_exp/environments/v3_b2/hard_loose/rb_00108,2,True,48,True,27,obstacle_0_movable,,True,,False
real_exp/environments/v3_b2/hard_loose/rb_00111,2,True,50,True,22,obstacle_0_movable,,True,,False
real_exp/environments/v3_b2/hard_loose/rb_00112,2,True,59,True,25,obstacle_0_movable,,True,,False
real_exp/environments/v3_b2/hard_loose/rb_00117,2,True,34,True,15,obstacle_1_movable,,True,,False
real_exp/environments/v3_b2/hard_loose/rb_00122,2,True,59,True,36,obstacle_0_movable,,True,,False
real_exp/environments/v3_b2/hard_loose/rb_00125,2,True,46,True,34,obstacle_0_movable,,True,,False
real_exp/environments/v3_b2/hard_loose/rb_00126,2,True,38,True,26,obstacle_0_movable,,True,,False
real_exp/environments/v3_b2/hard_loose/rb_00129,2,True,46,True,33,obstacle_0_movable,,True,,False
real_exp/environments/v3_b2/hard_loose/rb_00132,2,True,45,True,32,obstacle_0_movable,,True,,False
real_exp/environments/v3_b2/hard_loose/rb_00134,2,True,66,True,21,obstacle_0_movable,,True,,False
real_exp/environments/v3_b2/hard_loose/rb_00135,2,True,34,True,25,obstacle_0_movable,,True,,False
real_exp/environments/v3_b2/hard_loose/rb_00136,2,True,35,True,29,obstacle_0_movable,,True,,False
real_exp/environments/v3_b2/hard_loose/rb_00137,2,True,29,True,28,obstacle_0_movable,,True,,False
real_exp/environments/v3_b2/hard_loose/rb_00138,2,True,32,True,0,,1.0,False,,False
real_exp/environments/v3_b2/hard_loose/rb_00142,2,True,39,True,31,obstacle_0_movable,,True,,False
real_exp/environments/v3_b2/hard_loose/rb_00143,2,True,41,True,37,obstacle_0_movable,,True,,False
real_exp/environments/v3_b2/hard_loose/rb_00144,2,True,24,True,24,obstacle_0_movable,,True,,False
real_exp/environments/v3_b2/hard_loose/rb_00150,2,True,53,True,0,,1.0,False,,False
real_exp/environments/v3_b2/hard_loose/rb_00153,2,True,43,True,21,obstacle_0_movable,,True,,False
real_exp/environments/v3_b2/hard_loose/rb_00154,2,True,59,True,32,obstacle_0_movable,,True,,False
real_exp/environments/v3_b2/hard_loose/rb_00159,2,True,35,True,31,obstacle_0_movable,,True,,False
real_exp/environments/v3_b2/hard_loose/rb_00160,2,True,59,True,31,obstacle_0_movable,,True,,False
real_exp/environments/v3_b2/hard_loose/rb_00163,2,True,29,True,24,obstacle_0_movable,,True,,False
real_exp/environments/v3_b2/hard_loose/rb_00164,2,True,41,True,23,obstacle_0_movable,,True,,False
real_exp/environments/v3_b2/hard_loose/rb_00165,2,True,39,True,31,obstacle_0_movable,,True,,False
real_exp/environments/v3_b2/hard_loose/rb_00168,2,True,54,True,28,obstacle_0_movable,,True,,False
real_exp/environments/v3_b2/hard_zig/rb_00075,2,True,30,True,29,obstacle_0_movable,,True,,False
real_exp/environments/v3_b2/hard_zig/rb_00076,2,True,30,True,24,obstacle_0_movable,,True,,False
real_exp/environments/v3_b2/hard_zig/rb_00077,2,True,32,True,30,obstacle_0_movable,,True,,False
real_exp/environments/v3_b2/hard_zig/rb_00078,2,True,38,True,30,obstacle_1_movable,,True,,False
real_exp/environments/v3_b2/hard_zig/rb_00079,2,True,37,True,28,obstacle_0_movable,,True,,False
real_exp/environments/v3_b2/hard_zig/rb_00080,2,True,29,True,29,obstacle_0_movable,,True,,False
real_exp/environments/v3_b2/hard_zig/rb_00082,2,True,30,True,30,obstacle_1_movable,,True,,False
real_exp/environments/v3_b2/hard_zig/rb_00083,2,True,39,True,31,obstacle_1_movable,,True,,False
real_exp/environments/v3_b2/hard_zig/rb_00084,2,True,38,True,28,obstacle_0_movable,,True,,False
real_exp/environments/v3_b2/hard_zig/rb_00085,2,True,31,True,28,obstacle_0_movable,,True,,False
real_exp/environments/v3_b2/hard_zig/rb_00086,2,True,33,True,29,obstacle_0_movable,,True,,False
real_exp/environments/v3_b2/hard_zig/rb_00087,2,True,30,True,28,obstacle_0_movable,,True,,False
real_exp/environments/v3_b2/hard_zig/rb_00089,2,True,32,True,29,obstacle_0_movable,,True,,False
real_exp/environments/v3_b2/hard_zig/rb_00091,2,True,28,True,27,obstacle_0_movable,,True,,False
real_exp/environments/v3_b2/hard_zig/rb_00092,2,True,40,True,35,obstacle_0_movable,,True,,False
real_exp/environments/v3_b2/hard_zig/rb_00093,2,True,35,True,25,obstacle_0_movable,,True,,False
real_exp/environments/v3_b2/hard_zig/rb_00095,2,True,42,True,28,obstacle_0_movable,,True,,False
real_exp/environments/v3_b2/hard_zig/rb_00097,2,True,37,True,35,obstacle_0_movable,,True,,False
real_exp/environments/v3_b2/hard_zig/rb_00098,2,True,45,True,29,obstacle_0_movable,,True,,False
real_exp/environments/v3_b2/hard_zig/rb_00100,2,True,23,True,23,obstacle_1_movable,,True,,False
real_exp/environments/v3_b2/hard_zig/rb_00101,2,True,38,True,32,obstacle_1_movable,,True,,False
real_exp/environments/v3_b2/hard_zig/rb_00102,2,True,34,True,28,obstacle_0_movable,,True,,False
real_exp/environments/v3_b2/hard_zig/rb_00104,2,True,28,True,27,obstacle_0_movable,,True,,False
real_exp/environments/v3_b2/hard_zig/rb_00106,2,True,44,True,29,obstacle_1_movable,,True,,False
real_exp/environments/v3_b2/hard_zig/rb_00108,2,True,34,True,24,obstacle_0_movable,,True,,False
real_exp/environments/v3_b2/hard_zig/rb_00109,2,True,29,True,22,obstacle_0_movable,,True,,False
real_exp/environments/v3_b2/hard_zig/rb_00110,2,True,32,True,28,obstacle_1_movable,,True,,False
real_exp/environments/v3_b2/hard_zig/rb_00111,2,True,38,True,21,obstacle_0_movable,,True,,False
real_exp/environments/v3_b2/hard_zig/rb_00112,2,True,37,True,17,obstacle_0_movable,,True,,False
real_exp/environments/v3_b2/hard_zig/rb_00113,2,True,31,True,30,obstacle_0_movable,,True,,False
real_exp/environments/v3_b2/hard_zig/rb_00114,2,True,39,True,37,obstacle_0_movable,,True,,False
real_exp/environments/v3_b2/hard_zig/rb_00115,2,True,33,True,21,obstacle_0_movable,,True,,False
real_exp/environments/v3_b2/hard_zig/rb_00116,2,True,32,True,32,obstacle_0_movable,,True,,False
real_exp/environments/v3_b2/hard_zig/rb_00121,2,True,33,True,21,obstacle_0_movable,,True,,False
real_exp/environments/v3_b2/hard_zig/rb_00124,2,True,38,True,28,obstacle_0_movable,,True,,False
real_exp/environments/v3_b2/hard_zig/rb_00126,2,True,30,True,23,obstacle_1_movable,,True,,False
real_exp/environments/v3_b2/hard_zig/rb_00129,2,True,15,True,14,obstacle_1_movable,,True,,False
real_exp/environments/v3_b2/hard_zig/rb_00130,2,True,29,True,29,obstacle_0_movable,,True,,False
real_exp/environments/v3_b2/hard_zig/rb_00131,2,True,39,True,25,obstacle_0_movable,,True,,False
real_exp/environments/v3_b2/hard_zig/rb_00132,2,True,35,True,20,obstacle_0_movable,,True,,False
real_exp/environments/v3_b2/hard_zig/rb_00133,2,True,33,True,28,obstacle_0_movable,,True,,False
real_exp/environments/v3_b2/hard_zig/rb_00134,2,True,42,True,38,obstacle_0_movable,,True,,False
real_exp/environments/v3_b2/hard_zig/rb_00135,2,True,72,True,22,obstacle_1_movable,,True,,False
real_exp/environments/v3_b2/hard_zig/rb_00136,2,True,30,True,29,obstacle_0_movable,,True,,False
real_exp/environments/v3_b2/hard_zig/rb_00137,2,True,31,True,22,"obstacle_0_movable,obstacle_1_movable",,True,,False
real_exp/environments/v3_b2/hard_zig/rb_00138,2,True,32,True,29,obstacle_0_movable,,True,,False
real_exp/environments/v3_b2/hard_zig/rb_00139,2,True,33,True,33,obstacle_0_movable,,True,,False
real_exp/environments/v3_b2/hard_zig/rb_00140,2,True,40,True,32,obstacle_0_movable,,True,,False
real_exp/environments/v3_b2/hard_zig/rb_00141,2,True,32,True,28,obstacle_0_movable,,True,,False
real_exp/environments/v3_b2/hard_zig/rb_00142,2,True,38,True,20,obstacle_0_movable,,True,,False
real_exp/environments/v3_b2/hard_zig/rb_00143,2,True,57,True,30,obstacle_0_movable,,True,,False
real_exp/environments/v3_b2/hard_zig/rb_00144,2,True,41,True,29,obstacle_1_movable,,True,,False
real_exp/environments/v3_b2/hard_zig/rb_00145,2,True,40,True,29,obstacle_0_movable,,True,,False
real_exp/environments/v3_b2/hard_zig/rb_00146,2,True,35,True,24,obstacle_0_movable,,True,,False
real_exp/environments/v3_b2/hard_zig/rb_00147,2,True,74,True,29,obstacle_1_movable,,True,,False
real_exp/environments/v3_b2/hard_zig/rb_00148,2,True,39,True,30,"obstacle_0_movable,obstacle_1_movable",,True,,False
real_exp/environments/v3_b2/hard_zig/rb_00149,2,True,39,True,33,obstacle_0_movable,,True,,False
real_exp/environments/v3_b2/hard_zig/rb_00150,2,True,30,True,29,obstacle_0_movable,,True,,False
real_exp/environments/v3_b2/hard_zig/rb_00151,2,True,27,True,26,obstacle_0_movable,,True,,False
real_exp/environments/v3_b2/hard_zig/rb_00152,2,True,33,True,30,obstacle_0_movable,,True,,False
real_exp/environments/v3_b2/hard_zig/rb_00155,2,True,36,True,32,obstacle_1_movable,,True,,False
real_exp/environments/v3_b2/hard_zig/rb_00156,2,True,43,True,23,obstacle_1_movable,,True,,False
real_exp/environments/v3_b2/hard_zig/rb_00158,2,True,33,True,26,obstacle_1_movable,,True,,False
real_exp/environments/v3_b2/hard_zig/rb_00159,2,True,31,True,24,obstacle_0_movable,,True,,False
real_exp/environments/v3_b2/hard_zig/rb_00160,2,True,49,True,20,obstacle_0_movable,,True,,False
real_exp/environments/v3_b2/hard_zig/rb_00161,2,True,32,True,25,obstacle_0_movable,,True,,False
real_exp/environments/v3_b2/hard_zig/rb_00163,2,True,29,True,28,obstacle_0_movable,,True,,False
real_exp/environments/v3_b2/hard_zig/rb_00164,2,True,36,True,21,obstacle_0_movable,,True,,False
real_exp/environments/v3_b2/hard_zig/rb_00165,2,True,31,True,27,obstacle_1_movable,,True,,False
real_exp/environments/v3_b2/hard_zig/rb_00166,2,True,44,True,29,obstacle_1_movable,,True,,False
real_exp/environments/v3_b2/hard_zig/rb_00167,2,True,43,True,32,obstacle_0_movable,,True,,False
real_exp/environments/v3_b2/hard_zig/rb_00168,2,True,35,True,35,obstacle_0_movable,,True,,False
real_exp/environments/v3_b2/hard_zig/rb_00170,2,True,26,True,26,obstacle_0_movable,,True,,False
real_exp/environments/v3_b2/hard_zig/rb_00171,2,True,42,True,28,obstacle_0_movable,,True,,False
real_exp/environments/v3_b2/hard_zig/rb_00172,2,True,28,True,28,obstacle_0_movable,,True,,False
real_exp/environments/v3_b2/hard_zig/rb_00173,2,True,44,True,35,obstacle_0_movable,,True,,False
real_exp/environments/v3_b2/hard_zig/rb_00174,2,True,31,True,29,obstacle_0_movable,,True,,False
real_exp/environments/v3_b2/hard_zig/rb_00175,2,True,45,True,26,obstacle_0_movable,,True,,False
real_exp/environments/v3_b2/hard_zig/rb_00176,2,True,32,True,20,obstacle_0_movable,,True,,False
real_exp/environments/v3_b2/hard_zig/rb_00178,2,True,38,True,37,obstacle_0_movable,,True,,False
real_exp/environments/v3_b2/hard_zig/rb_00181,2,True,38,True,29,obstacle_1_movable,,True,,False
real_exp/environments/v3_b2/hard_zig/rb_00183,2,True,30,True,29,obstacle_0_movable,,True,,False
real_exp/environments/v3_b2/hard_zig/rb_00184,2,True,33,True,32,obstacle_1_movable,,True,,False
real_exp/environments/v3_b2/hard_zig/rb_00185,2,True,39,True,33,obstacle_0_movable,,True,,False
real_exp/environments/v3_b2/hard_zig/rb_00186,2,True,38,True,28,obstacle_1_movable,,True,,False
real_exp/environments/v3_b2/hard_zig/rb_00188,2,True,35,True,29,obstacle_0_movable,,True,,False
real_exp/environments/v3_b2/hard_zig/rb_00189,2,True,34,True,31,obstacle_1_movable,,True,,False
real_exp/environments/v3_b2/hard_zig/rb_00190,2,True,51,True,29,obstacle_0_movable,,True,,False
real_exp/environments/v3_b2/hard_zig/rb_00191,2,True,37,True,25,obstacle_0_movable,,True,,False
real_exp/environments/v3_b2/hard_zig/rb_00192,2,True,33,True,33,obstacle_1_movable,,True,,False
real_exp/environments/v3_b2/hard_zig/rb_00193,2,True,40,True,38,obstacle_1_movable,,True,,False
real_exp/environments/v3_b2/hard_zig/rb_00194,2,True,41,True,34,obstacle_1_movable,,True,,False
real_exp/environments/v3_b2/hard_zig/rb_00195,2,True,32,True,32,obstacle_0_movable,,True,,False
real_exp/environments/v3_b2/hard_zig/rb_00196,2,True,32,True,30,obstacle_1_movable,,True,,False
real_exp/environments/v3_b2/hard_zig/rb_00197,2,True,41,True,29,obstacle_1_movable,,True,,False
real_exp/environments/v3_b2/hard_zig/rb_00199,2,True,27,True,25,obstacle_1_movable,,True,,False
real_exp/environments/v3_b2/med/rb_00107,2,True,56,True,28,obstacle_0_movable,,True,,False
real_exp/environments/v3_b2/med/rb_00109,2,True,39,True,33,obstacle_0_movable,,True,,False
real_exp/environments/v3_b2/med/rb_00110,2,True,31,True,30,obstacle_0_movable,,True,,False
real_exp/environments/v3_b2/med/rb_00111,2,True,65,True,28,obstacle_0_movable,,True,,False
real_exp/environments/v3_b2/med/rb_00112,2,True,48,True,26,obstacle_0_movable,,True,,False
real_exp/environments/v3_b2/med/rb_00113,2,True,61,True,32,obstacle_0_movable,,True,,False
real_exp/environments/v3_b2/med/rb_00115,2,True,37,True,37,obstacle_0_movable,,True,,False
real_exp/environments/v3_b2/med/rb_00118,2,True,29,True,23,obstacle_0_movable,,True,,False
real_exp/environments/v3_b2/med/rb_00122,2,True,52,True,25,obstacle_0_movable,,True,,False
real_exp/environments/v3_b2/med/rb_00124,2,True,47,True,29,obstacle_0_movable,,True,,False
real_exp/environments/v3_b2/med/rb_00125,2,True,34,True,30,obstacle_0_movable,,True,,False
real_exp/environments/v3_b2/med/rb_00128,2,True,42,True,23,obstacle_0_movable,,True,,False
real_exp/environments/v3_b2/med/rb_00129,2,True,33,True,26,obstacle_0_movable,,True,,False
real_exp/environments/v3_b2/med/rb_00135,2,True,34,True,30,obstacle_0_movable,,True,,False
real_exp/environments/v3_b2/med/rb_00136,2,True,47,True,22,obstacle_1_movable,,True,,False
real_exp/environments/v3_b2/med/rb_00139,2,True,63,True,25,obstacle_0_movable,,True,,False
real_exp/environments/v3_b2/med/rb_00140,2,True,44,True,33,obstacle_0_movable,,True,,False
real_exp/environments/v3_b2/med/rb_00142,2,True,28,True,26,obstacle_0_movable,,True,,False
real_exp/environments/v3_b2/med/rb_00145,2,True,28,True,28,obstacle_0_movable,,True,,False
real_exp/environments/v3_b2/med/rb_00147,2,True,34,True,21,obstacle_0_movable,,True,,False
real_exp/environments/v3_b2/med/rb_00148,2,True,26,True,24,obstacle_0_movable,,True,,False
real_exp/environments/v3_b2/med/rb_00150,2,True,56,True,30,obstacle_0_movable,,True,,False
real_exp/environments/v3_b2/med/rb_00152,2,True,56,True,28,obstacle_0_movable,,True,,False
real_exp/environments/v3_b2/med/rb_00153,2,True,28,True,28,obstacle_0_movable,,True,,False
real_exp/environments/v3_b2/med/rb_00154,2,True,38,True,23,obstacle_0_movable,,True,,False
real_exp/environments/v3_b2/med/rb_00155,2,True,32,True,30,obstacle_0_movable,,True,,False
real_exp/environments/v3_b2/med/rb_00156,2,True,30,True,30,obstacle_0_movable,,True,,False
real_exp/environments/v3_b2/med/rb_00157,2,True,34,True,30,obstacle_0_movable,,True,,False
real_exp/environments/v3_b2/med/rb_00158,2,True,63,True,28,obstacle_0_movable,,True,,False
real_exp/environments/v3_b2/med/rb_00160,2,True,40,True,38,obstacle_0_movable,,True,,False
real_exp/environments/v3_b2/med/rb_00161,2,True,31,True,22,obstacle_0_movable,,True,,False
real_exp/environments/v3_b2/med/rb_00165,2,True,29,True,29,obstacle_0_movable,,True,,False
real_exp/environments/v3_b2/med/rb_00171,2,True,28,True,28,obstacle_0_movable,,True,,False
real_exp/environments/v3_b2/med/rb_00173,2,True,74,True,43,obstacle_0_movable,,True,,False
real_exp/environments/v3_b2/med/rb_00175,2,True,47,True,27,obstacle_0_movable,,True,,False
real_exp/environments/v3_b2/med/rb_00179,2,True,33,True,30,obstacle_0_movable,,True,,False
real_exp/environments/v3_b2/med/rb_00180,2,True,32,True,26,obstacle_0_movable,,True,,False
real_exp/environments/v3_b2/med/rb_00181,2,True,39,True,32,obstacle_0_movable,,True,,False
real_exp/environments/v3_b2/med/rb_00183,2,True,54,True,38,obstacle_0_movable,,True,,False
real_exp/environments/v3_b2/med/rb_00186,2,True,29,True,29,obstacle_0_movable,,True,,False
real_exp/environments/v3_b2/med/rb_00188,2,True,37,True,26,obstacle_0_movable,,True,,False
real_exp/environments/v3_b2/med/rb_00189,2,True,63,True,38,obstacle_0_movable,,True,,False
real_exp/environments/v3_b2/med/rb_00190,2,True,31,True,29,obstacle_0_movable,,True,,False
real_exp/environments/v3_b2/med/rb_00193,2,True,82,True,44,obstacle_0_movable,,True,,False
real_exp/environments/v3_b2/med/rb_00195,2,True,47,True,30,obstacle_1_movable,,True,,False
real_exp/environments/v3_b2/med/rb_00196,2,True,52,True,28,obstacle_0_movable,,True,,False
real_exp/environments/v3_b2/med/rb_00197,2,True,44,True,20,obstacle_0_movable,1.5,False,,False
real_exp/environments/v3_b2/med/rb_00198,2,True,26,True,25,obstacle_0_movable,,True,,False
real_exp/environments/v3_b2/med/rb_00199,2,True,25,True,21,obstacle_0_movable,,True,,False
real_exp/environments/v3_b2/med/rb_00201,2,True,21,True,17,obstacle_0_movable,,True,,False
real_exp/environments/v3_b2/med/rb_00206,2,True,33,True,27,obstacle_0_movable,,True,,False
real_exp/environments/v3_b2/med/rb_00207,2,True,36,True,33,obstacle_0_movable,1.5,False,,False
real_exp/environments/v3_b2/med/rb_00208,2,True,31,True,29,obstacle_0_movable,,True,,False
real_exp/environments/v3_b2/med/rb_00212,2,True,31,True,22,obstacle_0_movable,,True,,False
real_exp/environments/v3_b2/med/rb_00216,2,True,44,True,36,obstacle_0_movable,,True,,False
real_exp/environments/v3_b2/med/rb_00217,2,True,36,True,23,obstacle_0_movable,,True,,False
real_exp/environments/v3_b2/med/rb_00218,2,True,42,True,21,obstacle_0_movable,,True,,False
real_exp/environments/v3_b2/med/rb_00220,2,True,32,True,26,obstacle_0_movable,,True,,False
real_exp/environments/v3_b2/med/rb_00223,2,True,37,True,11,obstacle_1_movable,,True,,False
real_exp/environments/v3_b2/med/rb_00224,2,True,77,True,24,obstacle_0_movable,,True,,False
real_exp/environments/v3_b2/med/rb_00227,2,True,35,True,28,obstacle_0_movable,,True,,False
real_exp/environments/v3_b2/med/rb_00228,2,True,66,True,26,obstacle_0_movable,,True,,False
real_exp/environments/v3_b2/med/rb_00234,2,True,34,True,22,obstacle_0_movable,,True,,False
real_exp/environments/v3_b2/med/rb_00236,2,True,36,True,31,obstacle_0_movable,,True,,False
real_exp/environments/v3_b2/med/rb_00239,2,True,29,True,26,obstacle_0_movable,,True,,False
real_exp/environments/v3_b2/med/rb_00242,2,True,37,True,29,obstacle_0_movable,,True,,False
real_exp/environments/v3_b2/med/rb_00243,2,True,28,True,21,obstacle_0_movable,,True,,False
real_exp/environments/v3_b2/med/rb_00245,2,True,41,True,21,obstacle_0_movable,,True,,False
real_exp/environments/v3_b2/med/rb_00248,2,True,53,True,20,obstacle_0_movable,,True,,False
