manifest_index,profile,scene_id,scene_dir,ignore_status,ignore_reached,ignore_reason,ignore_failure_cause,ignore_distance_to_goal_cm,ignore_objects_moved,ignore_stuck_retries,ignore_stuck_causes,ignore_control_ticks,ignore_simulation_time_s,ignore_wall_clock_elapsed_s,ignore_planning_calls,ignore_planning_wall_clock_s,ignore_n_sims,ignore_max_abs_command,ignore_max_abs_navigation_command,ignore_max_abs_retreat_command,penalise_status,penalise_reached,penalise_reason,penalise_failure_cause,penalise_distance_to_goal_cm,penalise_objects_moved,penalise_stuck_retries,penalise_stuck_causes,penalise_control_ticks,penalise_simulation_time_s,penalise_wall_clock_elapsed_s,penalise_planning_calls,penalise_planning_wall_clock_s,penalise_n_sims,penalise_max_abs_command,penalise_max_abs_navigation_command,penalise_max_abs_retreat_command,navigation_category,any_navigation_succeeded
0,hard1-hard1,twohop_multi_00003,/scratch/tdn39/real_exp/environments/twohop_candidates_topology_distinct_100/hard1-hard1/twohop_multi_00003,failure,False,stuck_retry_limit_reached,stuck_retry_limit_reached,15.9,"obstacle_0_movable,obstacle_1_movable,obstacle_2_movable",5,"under_commanded,blocked,blocked,blocked,blocked",3223,107.4333333333298,7.931137094972655,7,0.09346847678534687,0,0.4,0.4,0.28055273300009365,failure,False,stuck_retry_limit_reached,stuck_retry_limit_reached,16.91,"obstacle_0_movable,obstacle_1_movable,obstacle_2_movable",5,"blocked,blocked,blocked,under_commanded,blocked",3112,103.73333333333001,7.806032448774204,7,0.0814717449247837,0,0.4,0.4,0.25175868046934724,both_failed,False
1,hard1-hard1,twohop_multi_00074,/scratch/tdn39/real_exp/environments/twohop_candidates_topology_distinct_100/hard1-hard1/twohop_multi_00074,failure,False,stuck_retry_limit_reached,stuck_retry_limit_reached,11.83,"obstacle_0_movable,obstacle_1_movable,obstacle_2_movable",5,"blocked,blocked,blocked,blocked,blocked",1897,63.233333333332304,5.794316207058728,7,0.09045268688350916,0,0.4,0.4,0.2742559841052966,failure,False,simulation_harness_tick_limit_reached,simulation_harness_tick_limit_reached,13.13,"obstacle_0_movable,obstacle_1_movable,obstacle_2_movable",1,blocked,3600,119.99999999999575,6.483762108022347,2,0.07676908606663346,0,0.4,0.4,0.15,both_failed,False
2,hard1-hard1,twohop_multi_00086,/scratch/tdn39/real_exp/environments/twohop_candidates_topology_distinct_100/hard1-hard1/twohop_multi_00086,success,True,goal reached,,1.38,"obstacle_0_movable,obstacle_1_movable",1,under_commanded,1991,66.36666666666547,3.2588035769294947,2,0.08131617796607316,0,0.4,0.4,0.2558933986725835,failure,False,stuck_retry_limit_reached,stuck_retry_limit_reached,28.09,"obstacle_0_movable,obstacle_1_movable",5,"blocked,blocked,blocked,blocked,blocked",1041,34.70000000000059,2.197459012037143,7,0.07336573791690171,0,0.4,0.4,0.2647024120213232,ignore_only_succeeded,True
3,hard1-hard1,twohop_multi_00142,/scratch/tdn39/real_exp/environments/twohop_candidates_topology_distinct_100/hard1-hard1/twohop_multi_00142,failure,False,stuck_retry_limit_reached,stuck_retry_limit_reached,16.68,"obstacle_0_movable,obstacle_1_movable",5,"blocked,blocked,blocked,blocked,blocked",1616,53.86666666666617,3.0025304299779236,7,0.08306518197059631,0,0.4,0.4,0.29117151031274496,failure,False,stuck_retry_limit_reached,stuck_retry_limit_reached,15.28,"obstacle_0_movable,obstacle_1_movable",5,"blocked,under_commanded,under_commanded,blocked,under_commanded",1577,52.566666666666244,2.9037263561040163,7,0.07030215114355087,0,0.4,0.4,0.26778802369586996,both_failed,False
4,hard1-hard1,twohop_multi_00179,/scratch/tdn39/real_exp/environments/twohop_candidates_topology_distinct_100/hard1-hard1/twohop_multi_00179,success,True,goal reached,,1.03,"obstacle_0_movable,obstacle_1_movable",1,under_commanded,3512,117.06666666666258,5.460041373968124,2,0.079775057034567,0,0.4,0.4,0.2565180057564625,success,True,goal reached,,1.45,"obstacle_0_movable,obstacle_1_movable",1,under_commanded,2256,75.1999999999983,3.6714819169137627,2,0.07097328291274607,0,0.4,0.4,0.25681052604784343,both_succeeded,True
5,hard1-hard1,twohop_multi_00194,/scratch/tdn39/real_exp/environments/twohop_candidates_topology_distinct_100/hard1-hard1/twohop_multi_00194,success,True,goal reached,,4.89,"obstacle_0_movable,obstacle_1_movable",1,blocked,1503,50.09999999999972,2.5273997518233955,2,0.08191720908507705,0,0.4,0.4,0.26058264465801334,success,True,goal reached,,4.81,"obstacle_0_movable,obstacle_1_movable",5,"blocked,blocked,blocked,blocked,blocked",1646,54.86666666666611,3.2161188200116158,6,0.07317955000326037,0,0.4,0.4,0.2614699145058303,both_succeeded,True
6,hard1-hard1,twohop_multi_00237,/scratch/tdn39/real_exp/environments/twohop_candidates_topology_distinct_100/hard1-hard1/twohop_multi_00237,success,True,goal reached,,1.68,"obstacle_0_movable,obstacle_1_movable",0,,3186,106.19999999999654,4.833367788000032,1,0.07740509416908026,0,0.4,0.4,0.0,success,True,goal reached,,1.44,"obstacle_0_movable,obstacle_1_movable",0,,1196,39.866666666666966,1.8246123248245567,1,0.07012835890054703,0,0.4,0.4,0.0,both_succeeded,True
7,hard1-hard1,twohop_multi_00289,/scratch/tdn39/real_exp/environments/twohop_candidates_topology_distinct_100/hard1-hard1/twohop_multi_00289,failure,False,simulation_harness_tick_limit_reached,simulation_harness_tick_limit_reached,4.74,"obstacle_0_movable,obstacle_1_movable",1,under_commanded,3600,119.99999999999575,6.341756022069603,2,0.07857168186455965,0,0.4,0.4,0.25284152348753997,success,True,goal reached,,1.12,"obstacle_0_movable,obstacle_1_movable",0,,719,23.966666666667017,1.26506900601089,1,0.06923215603455901,0,0.4,0.4,0.0,penalise_only_succeeded,True
8,hard1-hard1,twohop_multi_00319,/scratch/tdn39/real_exp/environments/twohop_candidates_topology_distinct_100/hard1-hard1/twohop_multi_00319,success,True,goal reached,,2.26,"obstacle_0_movable,obstacle_1_movable",0,,870,29.0000000000006,1.3515769990626723,1,0.07609811495058239,0,0.4,0.4,0.0,success,True,goal reached,,2.04,"obstacle_0_movable,obstacle_1_movable",0,,778,25.93333333333378,1.2066102428361773,1,0.06871942803263664,0,0.4,0.4,0.0,both_succeeded,True
9,hard1-hard1,twohop_multi_00331,/scratch/tdn39/real_exp/environments/twohop_candidates_topology_distinct_100/hard1-hard1/twohop_multi_00331,failure,False,stuck_retry_limit_reached,stuck_retry_limit_reached,17.51,"obstacle_0_movable,obstacle_1_movable",5,"under_commanded,blocked,blocked,blocked,blocked",2607,86.89999999999763,4.8627823300193995,7,0.08278288319706917,0,0.4,0.4,0.26940950099293337,failure,False,stuck_retry_limit_reached,stuck_retry_limit_reached,16.54,"obstacle_0_movable,obstacle_1_movable,obstacle_2_movable",5,"blocked,blocked,blocked,blocked,blocked",2219,73.96666666666503,4.228200374171138,7,0.07482526800595224,0,0.4,0.4,0.30080499284104956,both_failed,False
10,hard1-hard1,twohop_multi_00351,/scratch/tdn39/real_exp/environments/twohop_candidates_topology_distinct_100/hard1-hard1/twohop_multi_00351,success,True,goal reached,,4.04,"obstacle_0_movable,obstacle_1_movable",0,,2350,78.33333333333145,3.6171615931671113,1,0.07206923211924732,0,0.4,0.4,0.258304387360757,failure,False,stuck_retry_limit_reached,stuck_retry_limit_reached,14.97,"obstacle_0_movable,obstacle_1_movable",5,"under_commanded,under_commanded,blocked,blocked,under_commanded",1699,56.63333333333268,3.11394786904566,7,0.06989412801340222,0,0.4,0.4,0.263910944617727,ignore_only_succeeded,True
11,hard1-hard1,twohop_multi_00366,/scratch/tdn39/real_exp/environments/twohop_candidates_topology_distinct_100/hard1-hard1/twohop_multi_00366,success,True,goal reached,,1.25,"obstacle_0_movable,obstacle_1_movable",0,,1666,55.53333333333274,2.5729825170710683,1,0.07358719687908888,0,0.4,0.4,0.0,success,True,goal reached,,1.43,"obstacle_0_movable,obstacle_1_movable",1,blocked,550,18.333333333333403,1.0279813650995493,2,0.07162353862076998,0,0.4,0.4,0.26778802369586996,both_succeeded,True
12,hard1-hard1,twohop_multi_00369,/scratch/tdn39/real_exp/environments/twohop_candidates_topology_distinct_100/hard1-hard1/twohop_multi_00369,success,True,goal reached,,3.72,"obstacle_0_movable,obstacle_1_movable",0,,849,28.300000000000566,1.6526901298202574,1,0.07780702202580869,0,0.4,0.4,0.25115709737923125,failure,False,stuck_retry_limit_reached,stuck_retry_limit_reached,18.82,"obstacle_0_movable,obstacle_1_movable,obstacle_2_movable",5,"under_commanded,blocked,blocked,blocked,blocked",2165,72.16666666666514,4.206326093059033,7,0.07759699993766844,0,0.4,0.4,0.2597841435110855,ignore_only_succeeded,True
13,hard1-hard1,twohop_multi_00370,/scratch/tdn39/real_exp/environments/twohop_candidates_topology_distinct_100/hard1-hard1/twohop_multi_00370,success,True,goal reached,,3.64,"obstacle_0_movable,obstacle_1_movable",2,"under_commanded,under_commanded",2717,90.56666666666409,4.363697160035372,3,0.07686898414976895,0,0.4,0.4,0.25959664934134297,failure,False,stuck_retry_limit_reached,stuck_retry_limit_reached,17.49,"obstacle_0_movable,obstacle_1_movable",5,"under_commanded,blocked,blocked,blocked,blocked",2931,97.69999999999702,5.563099541934207,7,0.07572647766210139,0,0.4,0.4,0.27822432792300433,ignore_only_succeeded,True
14,hard1-hard1,twohop_multi_00371,/scratch/tdn39/real_exp/environments/twohop_candidates_topology_distinct_100/hard1-hard1/twohop_multi_00371,success,True,goal reached,,0.95,"obstacle_0_movable,obstacle_1_movable",0,,373,12.4333333333333,0.7054354518186301,1,0.06991039286367595,0,0.4,0.4,0.0,success,True,goal reached,,1.02,"obstacle_0_movable,obstacle_1_movable",0,,333,11.099999999999971,0.6263188300654292,1,0.06767308013513684,0,0.4,0.4,0.0,both_succeeded,True
15,hard1-hard1,twohop_multi_00386,/scratch/tdn39/real_exp/environments/twohop_candidates_topology_distinct_100/hard1-hard1/twohop_multi_00386,success,True,goal reached,,4.7,"obstacle_0_movable,obstacle_1_movable",0,,2372,79.06666666666474,3.6799537499900907,1,0.07072306494228542,0,0.4,0.4,0.25501655261873235,failure,False,stuck_retry_limit_reached,stuck_retry_limit_reached,19.48,"obstacle_0_movable,obstacle_1_movable",5,"blocked,blocked,blocked,blocked,blocked",1763,58.76666666666589,3.3309603231027722,7,0.06939851422794163,0,0.4,0.4,0.2697356269205867,ignore_only_succeeded,True
16,hard1-hard1,twohop_multi_00466,/scratch/tdn39/real_exp/environments/twohop_candidates_topology_distinct_100/hard1-hard1/twohop_multi_00466,failure,False,stuck_retry_limit_reached,stuck_retry_limit_reached,22.19,"obstacle_0_movable,obstacle_1_movable",5,"under_commanded,blocked,blocked,blocked,blocked",3021,100.69999999999685,5.276905722916126,7,0.07529396819882095,0,0.4,0.4,0.2667928280504963,failure,False,stuck_retry_limit_reached,stuck_retry_limit_reached,14.96,"obstacle_0_movable,obstacle_1_movable",5,"under_commanded,blocked,blocked,blocked,blocked",2658,88.59999999999754,4.739318801090121,7,0.07545431749895215,0,0.4,0.4,0.21952225467604408,both_failed,False
17,hard1-hard1,twohop_multi_00477,/scratch/tdn39/real_exp/environments/twohop_candidates_topology_distinct_100/hard1-hard1/twohop_multi_00477,failure,False,stuck_retry_limit_reached,stuck_retry_limit_reached,38.03,obstacle_0_movable,5,"blocked,blocked,blocked,blocked,blocked",1183,39.43333333333366,2.465642219875008,7,0.07442333665676415,0,0.4,0.4,0.26831597414726216,success,True,goal reached,,4.91,"obstacle_0_movable,obstacle_1_movable",1,under_commanded,863,28.766666666667255,1.5917448429390788,2,0.07318641315214336,0,0.4,0.4,0.25532315083727175,penalise_only_succeeded,True
18,hard1-hard1,twohop_multi_00505,/scratch/tdn39/real_exp/environments/twohop_candidates_topology_distinct_100/hard1-hard1/twohop_multi_00505,success,True,goal reached,,1.54,"obstacle_0_movable,obstacle_1_movable",5,"blocked,blocked,blocked,blocked,blocked",1650,54.99999999999944,3.1701553580351174,6,0.07613789197057486,0,0.4,0.4,0.26443115266285433,failure,False,stuck_retry_limit_reached,stuck_retry_limit_reached,17.22,"obstacle_0_movable,obstacle_1_movable",5,"blocked,blocked,blocked,blocked,blocked",975,32.50000000000072,2.082134453114122,7,0.07391914608888328,0,0.4,0.4,0.21052473358862867,ignore_only_succeeded,True
19,hard1-hard1,twohop_multi_00506,/scratch/tdn39/real_exp/environments/twohop_candidates_topology_distinct_100/hard1-hard1/twohop_multi_00506,failure,False,simulation_harness_tick_limit_reached,simulation_harness_tick_limit_reached,36.25,obstacle_0_movable,0,,3600,119.99999999999575,5.815767369000241,1,0.07258786004967988,0,0.4,0.4,0.0,failure,False,simulation_harness_tick_limit_reached,simulation_harness_tick_limit_reached,36.51,obstacle_0_movable,0,,3600,119.99999999999575,5.838279322953895,1,0.07136504189111292,0,0.4,0.4,0.0,both_failed,False
20,hard1-hard1,twohop_multi_00523,/scratch/tdn39/real_exp/environments/twohop_candidates_topology_distinct_100/hard1-hard1/twohop_multi_00523,success,True,goal reached,,1.68,"obstacle_0_movable,obstacle_1_movable",2,"under_commanded,under_commanded",2424,80.79999999999798,4.289595296839252,3,0.07135252025909722,0,0.4,0.4,0.26093869034879325,failure,False,stuck_retry_limit_reached,stuck_retry_limit_reached,15.5,"obstacle_0_movable,obstacle_1_movable",5,"blocked,blocked,blocked,blocked,blocked",3030,100.99999999999683,5.098251594929025,7,0.07028746488504112,0,0.4,0.4,0.3007667692239139,ignore_only_succeeded,True
21,hard1-hard1,twohop_multi_00524,/scratch/tdn39/real_exp/environments/twohop_candidates_topology_distinct_100/hard1-hard1/twohop_multi_00524,success,True,goal reached,,3.47,"obstacle_0_movable,obstacle_1_movable",0,,2343,78.09999999999813,3.6537279658950865,1,0.06887209299020469,0,0.4,0.4,0.2543419160156966,success,True,goal reached,,3.65,"obstacle_0_movable,obstacle_1_movable",1,blocked,1723,57.433333333332634,3.009347604820505,2,0.06708153407089412,0,0.4,0.4,0.2607049766766979,both_succeeded,True
22,hard1-hard1,twohop_multi_00531,/scratch/tdn39/real_exp/environments/twohop_candidates_topology_distinct_100/hard1-hard1/twohop_multi_00531,failure,False,stuck_retry_limit_reached,stuck_retry_limit_reached,13.37,"obstacle_0_movable,obstacle_1_movable,obstacle_2_movable",5,"blocked,blocked,blocked,blocked,blocked",2736,91.19999999999739,6.279703682055697,7,0.07514898502267897,0,0.4,0.4,0.3038225073804896,failure,False,stuck_retry_limit_reached,stuck_retry_limit_reached,14.84,"obstacle_0_movable,obstacle_1_movable,obstacle_2_movable",5,"blocked,blocked,blocked,blocked,blocked",3267,108.89999999999638,7.5341464502271265,7,0.07434959406964481,0,0.4,0.4,0.27121644773425024,both_failed,False
23,hard1-hard1,twohop_multi_00566,/scratch/tdn39/real_exp/environments/twohop_candidates_topology_distinct_100/hard1-hard1/twohop_multi_00566,success,True,goal reached,,1.48,"obstacle_0_movable,obstacle_1_movable",2,"under_commanded,under_commanded",2533,84.4333333333311,4.209439714206383,3,0.07029438414610922,0,0.4,0.4,0.26093869034879325,failure,False,simulation_harness_tick_limit_reached,simulation_harness_tick_limit_reached,37.53,obstacle_0_movable,0,,3600,119.99999999999575,5.403637820156291,1,0.07002030499279499,0,0.4,0.4,0.0,ignore_only_succeeded,True
24,hard1-hard1,twohop_multi_00569,/scratch/tdn39/real_exp/environments/twohop_candidates_topology_distinct_100/hard1-hard1/twohop_multi_00569,failure,False,stuck_retry_limit_reached,stuck_retry_limit_reached,11.72,"obstacle_0_movable,obstacle_1_movable",5,"blocked,blocked,blocked,blocked,blocked",3031,101.03333333333016,5.092619450064376,7,0.07461375161074102,0,0.4,0.4,0.298290228106702,failure,False,simulation_harness_tick_limit_reached,simulation_harness_tick_limit_reached,13.96,"obstacle_0_movable,obstacle_1_movable",2,"blocked,under_commanded",3600,119.99999999999575,6.0098905130289495,3,0.07350782910361886,0,0.4,0.4,0.2757177502676801,both_failed,False
25,hard1-hard1,twohop_multi_00584,/scratch/tdn39/real_exp/environments/twohop_candidates_topology_distinct_100/hard1-hard1/twohop_multi_00584,success,True,goal reached,,1.5,"obstacle_0_movable,obstacle_1_movable",0,,340,11.333333333333304,0.6062895280774683,1,0.07609692099504173,0,0.4,0.4,0.0,success,True,goal reached,,1.35,"obstacle_0_movable,obstacle_1_movable",0,,351,11.699999999999969,0.6235896598082036,1,0.07578864810056984,0,0.4,0.4,0.0,both_succeeded,True
26,hard1-hard1,twohop_multi_00588,/scratch/tdn39/real_exp/environments/twohop_candidates_topology_distinct_100/hard1-hard1/twohop_multi_00588,success,True,goal reached,,3.7,"obstacle_0_movable,obstacle_1_movable",0,,1341,44.700000000000024,2.114720539888367,1,0.07151539181359112,0,0.4,0.4,0.26109861332031814,failure,False,stuck_retry_limit_reached,stuck_retry_limit_reached,15.18,"obstacle_0_movable,obstacle_1_movable",5,"blocked,blocked,blocked,blocked,blocked",984,32.8000000000007,2.0774113519582897,7,0.07087136199697852,0,0.4,0.4,0.22657030396136557,ignore_only_succeeded,True
27,hard1-hard1,twohop_multi_00589,/scratch/tdn39/real_exp/environments/twohop_candidates_topology_distinct_100/hard1-hard1/twohop_multi_00589,success,True,goal reached,,1.31,"obstacle_0_movable,obstacle_1_movable",0,,762,25.40000000000042,1.2867481880821288,1,0.06912222597748041,0,0.4,0.4,0.0,success,True,goal reached,,1.37,"obstacle_0_movable,obstacle_1_movable",0,,706,23.533333333333662,1.1737525020726025,1,0.06919701397418976,0,0.4,0.4,0.0,both_succeeded,True
28,hard1-hard1,twohop_multi_00606,/scratch/tdn39/real_exp/environments/twohop_candidates_topology_distinct_100/hard1-hard1/twohop_multi_00606,success,True,goal reached,,1.26,"obstacle_0_movable,obstacle_1_movable",0,,350,11.666666666666636,0.6289867160376161,1,0.06967672193422914,0,0.4,0.4,0.0,success,True,goal reached,,1.2,"obstacle_0_movable,obstacle_1_movable",0,,367,12.2333333333333,0.6551615609787405,1,0.06883591716177762,0,0.4,0.4,0.0,both_succeeded,True
29,hard1-hard1,twohop_multi_00620,/scratch/tdn39/real_exp/environments/twohop_candidates_topology_distinct_100/hard1-hard1/twohop_multi_00620,failure,False,stuck_retry_limit_reached,stuck_retry_limit_reached,16.97,"obstacle_0_movable,obstacle_1_movable",5,"blocked,blocked,blocked,blocked,blocked",2413,80.43333333333133,4.122888118959963,7,0.07102190959267318,0,0.4,0.4,0.28750849463695005,failure,False,stuck_retry_limit_reached,stuck_retry_limit_reached,15.3,"obstacle_0_movable,obstacle_1_movable",5,"under_commanded,under_commanded,blocked,blocked,blocked",2702,90.06666666666412,4.330029473174363,7,0.07049971097148955,0,0.4,0.4,0.27148740827004336,both_failed,False
30,hard1-hard1,twohop_multi_00654,/scratch/tdn39/real_exp/environments/twohop_candidates_topology_distinct_100/hard1-hard1/twohop_multi_00654,success,True,goal reached,,1.47,"obstacle_0_movable,obstacle_1_movable",0,,872,29.06666666666727,1.6956227521877736,1,0.0753864529542625,0,0.4,0.4,0.0,success,True,goal reached,,1.42,"obstacle_0_movable,obstacle_1_movable,obstacle_2_movable",0,,731,24.366666666667037,1.4071974218823016,1,0.07496867794543505,0,0.4,0.4,0.0,both_succeeded,True
31,hard1-hard1,twohop_multi_00672,/scratch/tdn39/real_exp/environments/twohop_candidates_topology_distinct_100/hard1-hard1/twohop_multi_00672,success,True,goal reached,,1.45,"obstacle_0_movable,obstacle_1_movable",0,,1419,47.299999999999876,2.083607523003593,1,0.06951026595197618,0,0.4,0.4,0.0,success,True,goal reached,,1.35,"obstacle_0_movable,obstacle_1_movable",0,,842,28.06666666666722,1.2489988030865788,1,0.06855176901444793,0,0.4,0.4,0.0,both_succeeded,True
32,hard1-hard1,twohop_multi_00678,/scratch/tdn39/real_exp/environments/twohop_candidates_topology_distinct_100/hard1-hard1/twohop_multi_00678,success,True,goal reached,,1.96,"obstacle_0_movable,obstacle_1_movable",0,,1045,34.83333333333392,1.6340139349922538,1,0.07014516089111567,0,0.4,0.4,0.0,success,True,goal reached,,2.08,"obstacle_0_movable,obstacle_1_movable",1,blocked,1047,34.90000000000058,1.7136796368286014,2,0.06917658494785428,0,0.4,0.4,0.26778802369586996,both_succeeded,True
33,hard1-hard1,twohop_multi_00696,/scratch/tdn39/real_exp/environments/twohop_candidates_topology_distinct_100/hard1-hard1/twohop_multi_00696,success,True,goal reached,,1.34,"obstacle_0_movable,obstacle_1_movable",2,"under_commanded,under_commanded",2512,83.73333333333115,4.170254754135385,3,0.06790439109317958,0,0.4,0.4,0.26093869034879325,success,True,goal reached,,1.21,"obstacle_0_movable,obstacle_1_movable",1,blocked,2833,94.43333333333054,4.282147157937288,2,0.06760564027354121,0,0.4,0.4,0.28512378167032015,both_succeeded,True
34,hard1-hard1,twohop_multi_00705,/scratch/tdn39/real_exp/environments/twohop_candidates_topology_distinct_100/hard1-hard1/twohop_multi_00705,success,True,goal reached,,4.12,"obstacle_0_movable,obstacle_1_movable",0,,2395,79.83333333333137,3.6254353157710284,1,0.0681379500310868,0,0.4,0.4,0.25629195700748364,success,True,goal reached,,1.67,"obstacle_0_movable,obstacle_1_movable",1,blocked,1193,39.76666666666697,2.0386287858709693,2,0.0673109251074493,0,0.4,0.4,0.23190661982539706,both_succeeded,True
35,hard1-hard1,twohop_multi_00725,/scratch/tdn39/real_exp/environments/twohop_candidates_topology_distinct_100/hard1-hard1/twohop_multi_00725,failure,False,simulation_harness_tick_limit_reached,simulation_harness_tick_limit_reached,15.44,"obstacle_0_movable,obstacle_1_movable,obstacle_2_movable",0,,3600,119.99999999999575,6.493717113044113,1,0.07136267703026533,0,0.4,0.4,0.0,failure,False,stuck_retry_limit_reached,stuck_retry_limit_reached,13.87,"obstacle_0_movable,obstacle_1_movable,obstacle_2_movable",5,"blocked,blocked,under_commanded,blocked,blocked",2789,92.96666666666395,5.948055539978668,7,0.07121054409071803,0,0.4,0.4,0.30218472802535484,both_failed,False
36,hard1-hard1,twohop_multi_00746,/scratch/tdn39/real_exp/environments/twohop_candidates_topology_distinct_100/hard1-hard1/twohop_multi_00746,success,True,goal reached,,3.7,"obstacle_0_movable,obstacle_1_movable",0,,1654,55.133333333332764,2.856194200925529,1,0.08324059098958969,0,0.4,0.4,0.3027669306388777,failure,False,simulation_harness_tick_limit_reached,simulation_harness_tick_limit_reached,13.1,"obstacle_0_movable,obstacle_1_movable",0,,3600,119.99999999999575,5.3624137178994715,1,0.08090194291435182,0,0.4,0.4,0.0,ignore_only_succeeded,True
37,hard1-hard1,twohop_multi_00749,/scratch/tdn39/real_exp/environments/twohop_candidates_topology_distinct_100/hard1-hard1/twohop_multi_00749,failure,False,simulation_harness_tick_limit_reached,simulation_harness_tick_limit_reached,30.23,obstacle_0_movable,2,"under_commanded,under_commanded",3600,119.99999999999575,6.433828450972214,3,0.08540965989232063,0,0.4,0.4,0.2859705280270898,failure,False,simulation_harness_tick_limit_reached,simulation_harness_tick_limit_reached,30.67,obstacle_0_movable,1,blocked,3600,119.99999999999575,6.001606224104762,2,0.07198617211543024,0,0.4,0.4,0.28557606543931835,both_failed,False
38,hard1-hard1,twohop_multi_00800,/scratch/tdn39/real_exp/environments/twohop_candidates_topology_distinct_100/hard1-hard1/twohop_multi_00800,success,True,goal reached,,3.69,"obstacle_0_movable,obstacle_1_movable",0,,693,23.100000000000307,1.421830795938149,1,0.08310213591903448,0,0.4,0.4,0.26885375765120034,success,True,goal reached,,3.66,"obstacle_0_movable,obstacle_1_movable",0,,895,29.833333333333975,1.8020870769396424,1,0.0813017887994647,0,0.4,0.4,0.25713073398274844,both_succeeded,True
39,hard1-hard1,twohop_multi_00819,/scratch/tdn39/real_exp/environments/twohop_candidates_topology_distinct_100/hard1-hard1/twohop_multi_00819,failure,False,stuck_retry_limit_reached,stuck_retry_limit_reached,15.14,"obstacle_0_movable,obstacle_1_movable",5,"under_commanded,blocked,blocked,blocked,blocked",2542,84.73333333333109,5.15232637594454,7,0.08468844322487712,0,0.4,0.4,0.27024002004188685,failure,False,stuck_retry_limit_reached,stuck_retry_limit_reached,15.02,"obstacle_0_movable,obstacle_1_movable",5,"blocked,blocked,blocked,blocked,blocked",1325,44.16666666666672,2.822324464097619,7,0.08060763264074922,0,0.4,0.4,0.2631792405559147,both_failed,False
40,hard1-hard1,twohop_multi_00852,/scratch/tdn39/real_exp/environments/twohop_candidates_topology_distinct_100/hard1-hard1/twohop_multi_00852,failure,False,stuck_retry_limit_reached,stuck_retry_limit_reached,10.75,"obstacle_0_movable,obstacle_1_movable,obstacle_2_movable",5,"blocked,blocked,blocked,blocked,blocked",2187,72.89999999999843,5.229045954998583,7,0.08774273004382849,0,0.4,0.4,0.2960922849373233,failure,False,stuck_retry_limit_reached,stuck_retry_limit_reached,16.23,"obstacle_0_movable,obstacle_1_movable,obstacle_2_movable",5,"blocked,blocked,blocked,blocked,blocked",1753,58.43333333333258,3.4411496771499515,7,0.0800110804848373,0,0.4,0.4,0.29113304560332576,both_failed,False
41,hard1-hard1,twohop_multi_00934,/scratch/tdn39/real_exp/environments/twohop_candidates_topology_distinct_100/hard1-hard1/twohop_multi_00934,success,True,goal reached,,4.48,"obstacle_0_movable,obstacle_1_movable",1,blocked,1230,41.000000000000234,2.4576553541701287,2,0.08372048707678914,0,0.4,0.4,0.18140281044327303,failure,False,stuck_retry_limit_reached,stuck_retry_limit_reached,28.29,"obstacle_0_movable,obstacle_1_movable",5,"blocked,blocked,blocked,blocked,blocked",1213,40.4333333333336,2.7091433729510754,7,0.08168025803752244,0,0.4,0.4,0.26778802369586996,ignore_only_succeeded,True
42,hard1-hard1,twohop_multi_00935,/scratch/tdn39/real_exp/environments/twohop_candidates_topology_distinct_100/hard1-hard1/twohop_multi_00935,success,True,goal reached,,2.01,"obstacle_0_movable,obstacle_1_movable",0,,1525,50.83333333333301,2.7692358470521867,1,0.08011485589668155,0,0.4,0.4,0.0,success,True,goal reached,,1.82,"obstacle_0_movable,obstacle_1_movable",0,,681,22.700000000000287,1.2113521120045334,1,0.07921700784936547,0,0.4,0.4,0.0,both_succeeded,True
43,hard1-hard1,twohop_multi_00978,/scratch/tdn39/real_exp/environments/twohop_candidates_topology_distinct_100/hard1-hard1/twohop_multi_00978,success,True,goal reached,,3.52,"obstacle_0_movable,obstacle_1_movable",0,,586,19.533333333333463,1.2026048959232867,1,0.07880516001023352,0,0.4,0.4,0.26508625534060054,success,True,goal reached,,3.7,"obstacle_0_movable,obstacle_1_movable",0,,529,17.63333333333337,1.095195793081075,1,0.07929786085151136,0,0.4,0.4,0.2632129084133769,both_succeeded,True
44,hard1-hard1,twohop_multi_01018,/scratch/tdn39/real_exp/environments/twohop_candidates_topology_distinct_100/hard1-hard1/twohop_multi_01018,failure,False,stuck_retry_limit_reached,stuck_retry_limit_reached,26.07,"obstacle_0_movable,obstacle_1_movable",5,"blocked,blocked,blocked,blocked,blocked",998,33.26666666666734,3.110160613898188,7,0.0873210250865668,0,0.4,0.4,0.3087215896016664,success,True,goal reached,,1.6,"obstacle_0_movable,obstacle_1_movable,obstacle_2_movable",1,under_commanded,2644,88.1333333333309,4.532368368003517,2,0.07852529385127127,0,0.4,0.4,0.26016669387858704,penalise_only_succeeded,True
45,hard1-hard1,twohop_multi_01024,/scratch/tdn39/real_exp/environments/twohop_candidates_topology_distinct_100/hard1-hard1/twohop_multi_01024,success,True,goal reached,,3.58,"obstacle_0_movable,obstacle_1_movable",0,,712,23.733333333333672,1.4906379200983793,1,0.08823014399968088,0,0.4,0.4,0.2877973531309942,failure,False,stuck_retry_limit_reached,stuck_retry_limit_reached,15.07,"obstacle_0_movable,obstacle_1_movable",5,"blocked,blocked,blocked,blocked,blocked",1584,52.799999999999564,3.47969885985367,7,0.08660245896317065,0,0.4,0.4,0.2755566717827273,ignore_only_succeeded,True
46,hard1-hard1,twohop_multi_01037,/scratch/tdn39/real_exp/environments/twohop_candidates_topology_distinct_100/hard1-hard1/twohop_multi_01037,success,True,goal reached,,1.63,"obstacle_0_movable,obstacle_1_movable",0,,711,23.700000000000337,1.4740456289146096,1,0.0918720040936023,0,0.4,0.4,0.0,failure,False,stuck_retry_limit_reached,stuck_retry_limit_reached,14.94,"obstacle_0_movable,obstacle_1_movable",5,"blocked,blocked,blocked,blocked,blocked",1289,42.96666666666679,2.9297469831071794,7,0.09142216574400663,0,0.4,0.4,0.2947496919982676,ignore_only_succeeded,True
47,hard1-hard1,twohop_multi_01071,/scratch/tdn39/real_exp/environments/twohop_candidates_topology_distinct_100/hard1-hard1/twohop_multi_01071,failure,False,stuck_retry_limit_reached,stuck_retry_limit_reached,18.81,"obstacle_0_movable,obstacle_1_movable",5,"blocked,blocked,blocked,blocked,blocked",1257,41.90000000000018,2.783423219108954,7,0.08397280774079263,0,0.4,0.4,0.26297228102320036,failure,False,stuck_retry_limit_reached,stuck_retry_limit_reached,19.95,"obstacle_0_movable,obstacle_1_movable",5,"blocked,blocked,blocked,blocked,blocked",1190,39.66666666666698,2.519028721144423,7,0.08144646789878607,0,0.4,0.4,0.28645433558369815,both_failed,False
48,hard1-hard1,twohop_multi_01080,/scratch/tdn39/real_exp/environments/twohop_candidates_topology_distinct_100/hard1-hard1/twohop_multi_01080,success,True,goal reached,,1.83,"obstacle_0_movable,obstacle_1_movable",2,"under_commanded,under_commanded",2194,73.13333333333175,3.75817140401341,3,0.06917979591526091,0,0.4,0.4,0.26093869034879325,failure,False,simulation_harness_tick_limit_reached,timed_out_short_of_goal,14.91,"obstacle_0_movable,obstacle_1_movable",3,"blocked,blocked,blocked",3600,119.99999999999575,5.4409368669148535,4,0.06701133586466312,0,0.4,0.4,0.2638686330121475,ignore_only_succeeded,True
49,hard1-hard1,twohop_multi_01111,/scratch/tdn39/real_exp/environments/twohop_candidates_topology_distinct_100/hard1-hard1/twohop_multi_01111,success,True,goal reached,,1.7,"obstacle_0_movable,obstacle_1_movable",0,,816,27.20000000000051,1.5009850119240582,1,0.07346711191348732,0,0.4,0.4,0.0,failure,False,stuck_retry_limit_reached,stuck_retry_limit_reached,16.66,"obstacle_0_movable,obstacle_1_movable",5,"blocked,blocked,blocked,blocked,blocked",1397,46.566666666666585,2.8461554870009422,7,0.07341619720682502,0,0.4,0.4,0.21708339631121232,ignore_only_succeeded,True
50,med2-med2,twohop_multi_00001,/scratch/tdn39/real_exp/environments/twohop_candidates_topology_distinct_100/med2-med2/twohop_multi_00001,success,True,goal reached,,1.53,"obstacle_0_movable,obstacle_1_movable",1,blocked,1133,37.766666666667085,2.057748701190576,2,0.0721855063457042,0,0.4,0.4,0.2129496778482124,failure,False,stuck_retry_limit_reached,stuck_retry_limit_reached,5.67,"obstacle_0_movable,obstacle_1_movable",5,"blocked,blocked,blocked,blocked,blocked",1943,64.76666666666556,3.5861536029260606,7,0.07522011105902493,0,0.4,0.4,0.25742994557374327,ignore_only_succeeded,True
51,med2-med2,twohop_multi_00025,/scratch/tdn39/real_exp/environments/twohop_candidates_topology_distinct_100/med2-med2/twohop_multi_00025,failure,False,stuck_retry_limit_reached,stuck_retry_limit_reached,26.66,"obstacle_0_movable,obstacle_1_movable,obstacle_2_movable",5,"under_commanded,blocked,blocked,blocked,blocked",2262,75.39999999999829,4.469073487911373,7,0.07365668890997767,0,0.4,0.4,0.26428021230202925,failure,False,stuck_retry_limit_reached,stuck_retry_limit_reached,17.01,"obstacle_0_movable,obstacle_1_movable,obstacle_2_movable",5,"blocked,blocked,blocked,blocked,blocked",1936,64.53333333333224,3.9070359820034355,7,0.07160749658942223,0,0.4,0.4,0.25993398244666865,both_failed,False
52,med2-med2,twohop_multi_00033,/scratch/tdn39/real_exp/environments/twohop_candidates_topology_distinct_100/med2-med2/twohop_multi_00033,failure,False,stuck_retry_limit_reached,stuck_retry_limit_reached,35.13,obstacle_0_movable,5,"blocked,blocked,blocked,blocked,blocked",2117,70.56666666666523,3.85999823291786,7,0.07395115890540183,0,0.4,0.4,0.25896130043163035,failure,False,simulation_harness_tick_limit_reached,simulation_harness_tick_limit_reached,34.03,obstacle_0_movable,0,,3600,119.99999999999575,5.385941940126941,1,0.07309320592321455,0,0.4,0.4,0.0,both_failed,False
53,med2-med2,twohop_multi_00087,/scratch/tdn39/real_exp/environments/twohop_candidates_topology_distinct_100/med2-med2/twohop_multi_00087,success,True,goal reached,,1.34,"obstacle_0_movable,obstacle_1_movable",0,,484,16.133333333333294,0.9228470448870212,1,0.0734766109380871,0,0.4,0.4,0.0,failure,False,stuck_retry_limit_reached,stuck_retry_limit_reached,17.3,"obstacle_0_movable,obstacle_1_movable",5,"blocked,blocked,blocked,blocked,blocked",1859,61.96666666666571,3.2259278639685363,7,0.07111570006236434,0,0.4,0.4,0.29520779377819084,ignore_only_succeeded,True
54,med2-med2,twohop_multi_00092,/scratch/tdn39/real_exp/environments/twohop_candidates_topology_distinct_100/med2-med2/twohop_multi_00092,failure,False,stuck_retry_limit_reached,stuck_retry_limit_reached,9.01,"obstacle_0_movable,obstacle_1_movable",5,"blocked,blocked,blocked,blocked,blocked",1318,43.9333333333334,2.6364145618863404,7,0.07494235713966191,0,0.4,0.4,0.25945353326312504,failure,False,stuck_retry_limit_reached,stuck_retry_limit_reached,27.29,"obstacle_0_movable,obstacle_1_movable",5,"blocked,blocked,blocked,blocked,blocked",1266,42.200000000000166,2.3272695359773934,7,0.07402972620911896,0,0.4,0.4,0.26778802369586996,both_failed,False
55,med2-med2,twohop_multi_00101,/scratch/tdn39/real_exp/environments/twohop_candidates_topology_distinct_100/med2-med2/twohop_multi_00101,success,True,goal reached,,1.65,"obstacle_0_movable,obstacle_1_movable",0,,313,10.433333333333307,0.5824204389937222,1,0.06801395607180893,0,0.4,0.4,0.0,success,True,goal reached,,1.76,"obstacle_0_movable,obstacle_1_movable",0,,326,10.866666666666639,0.5971245339605957,1,0.06671178713440895,0,0.4,0.4,0.0,both_succeeded,True
56,med2-med2,twohop_multi_00140,/scratch/tdn39/real_exp/environments/twohop_candidates_topology_distinct_100/med2-med2/twohop_multi_00140,failure,False,stuck_retry_limit_reached,stuck_retry_limit_reached,41.74,obstacle_0_movable,5,"under_commanded,blocked,blocked,blocked,blocked",1113,37.100000000000456,2.2881216739770025,7,0.07733467919752002,0,0.4,0.4,0.26521003435276636,failure,False,stuck_retry_limit_reached,stuck_retry_limit_reached,42.11,obstacle_0_movable,5,"blocked,blocked,blocked,blocked,blocked",1402,46.73333333333324,2.7362375371158123,7,0.07744629983790219,0,0.4,0.4,0.262983349932736,both_failed,False
57,med2-med2,twohop_multi_00174,/scratch/tdn39/real_exp/environments/twohop_candidates_topology_distinct_100/med2-med2/twohop_multi_00174,failure,False,stuck_retry_limit_reached,stuck_retry_limit_reached,24.72,"obstacle_0_movable,obstacle_1_movable",5,"blocked,blocked,blocked,blocked,blocked",1018,33.93333333333397,2.974810575135052,7,0.07370149623602629,0,0.4,0.4,0.2699473305149238,success,True,goal reached,,1.5,"obstacle_0_movable,obstacle_1_movable,obstacle_2_movable",2,"blocked,blocked",1265,42.166666666666835,2.4188004869502038,3,0.07069543586112559,0,0.4,0.4,0.17774788482963189,penalise_only_succeeded,True
58,med2-med2,twohop_multi_00217,/scratch/tdn39/real_exp/environments/twohop_candidates_topology_distinct_100/med2-med2/twohop_multi_00217,failure,False,stuck_retry_limit_reached,stuck_retry_limit_reached,42.24,"obstacle_0_movable,obstacle_2_movable",5,"under_commanded,under_commanded,blocked,blocked,blocked",1174,39.133333333333674,3.215642381925136,7,0.07251414470374584,0,0.4,0.4,0.28374199433266706,failure,False,stuck_retry_limit_reached,stuck_retry_limit_reached,42.17,"obstacle_0_movable,obstacle_2_movable",5,"under_commanded,under_commanded,blocked,blocked,blocked",1175,39.166666666667005,3.1061754981055856,7,0.07010547304525971,0,0.4,0.4,0.26679374685269064,both_failed,False
59,med2-med2,twohop_multi_00234,/scratch/tdn39/real_exp/environments/twohop_candidates_topology_distinct_100/med2-med2/twohop_multi_00234,failure,False,stuck_retry_limit_reached,stuck_retry_limit_reached,29.65,"obstacle_0_movable,obstacle_1_movable,obstacle_2_movable",5,"blocked,blocked,blocked,blocked,blocked",1967,65.56666666666551,4.791097803041339,7,0.07454466493800282,0,0.4,0.4,0.26692202146035604,success,True,goal reached,,0.98,"obstacle_0_movable,obstacle_1_movable,obstacle_2_movable",1,under_commanded,1849,61.633333333332395,3.3115344918332994,2,0.07203947403468192,0,0.4,0.4,0.20877783890133336,penalise_only_succeeded,True
60,med2-med2,twohop_multi_00236,/scratch/tdn39/real_exp/environments/twohop_candidates_topology_distinct_100/med2-med2/twohop_multi_00236,failure,False,stuck_retry_limit_reached,stuck_retry_limit_reached,17.97,"obstacle_0_movable,obstacle_1_movable",5,"blocked,blocked,blocked,blocked,blocked",1379,45.96666666666662,2.581688249949366,7,0.07224852894432843,0,0.4,0.4,0.25931093951514583,failure,False,stuck_retry_limit_reached,stuck_retry_limit_reached,18.59,"obstacle_0_movable,obstacle_1_movable",5,"blocked,blocked,blocked,blocked,blocked",1277,42.56666666666681,2.4155855840072036,7,0.07226190529763699,0,0.4,0.4,0.2618893597569878,both_failed,False
61,med2-med2,twohop_multi_00282,/scratch/tdn39/real_exp/environments/twohop_candidates_topology_distinct_100/med2-med2/twohop_multi_00282,failure,False,simulation_harness_tick_limit_reached,timed_out_short_of_goal,17.92,"obstacle_0_movable,obstacle_1_movable",2,"blocked,blocked",3600,119.99999999999575,5.738154850900173,3,0.0750153788831085,0,0.4,0.4,0.25889496042306276,failure,False,simulation_harness_tick_limit_reached,simulation_harness_tick_limit_reached,15.77,"obstacle_0_movable,obstacle_1_movable",0,,3600,119.99999999999575,5.314138277899474,1,0.07327188504859805,0,0.4,0.4,0.0,both_failed,False
62,med2-med2,twohop_multi_00284,/scratch/tdn39/real_exp/environments/twohop_candidates_topology_distinct_100/med2-med2/twohop_multi_00284,failure,False,stuck_retry_limit_reached,stuck_retry_limit_reached,44.31,obstacle_0_movable,5,"blocked,blocked,blocked,blocked,blocked",1138,37.93333333333374,2.3120632339268923,7,0.07547268201597035,0,0.4,0.4,0.27900127937108365,failure,False,stuck_retry_limit_reached,stuck_retry_limit_reached,43.83,obstacle_0_movable,5,"blocked,blocked,blocked,blocked,blocked",1005,33.50000000000066,2.1165440750773996,7,0.0763131957501173,0,0.4,0.4,0.25840425859639665,both_failed,False
63,med2-med2,twohop_multi_00293,/scratch/tdn39/real_exp/environments/twohop_candidates_topology_distinct_100/med2-med2/twohop_multi_00293,failure,False,stuck_retry_limit_reached,stuck_retry_limit_reached,6.07,"obstacle_0_movable,obstacle_1_movable,obstacle_2_movable",5,"blocked,blocked,blocked,blocked,blocked",2388,79.59999999999805,6.427055480889976,7,0.07429067231714725,0,0.4,0.4,0.27281530064530973,success,True,goal reached,,3.93,"obstacle_0_movable,obstacle_1_movable,obstacle_2_movable",2,"blocked,blocked",1424,47.466666666666534,2.566415990004316,3,0.07146645640023053,0,0.4,0.4,0.29551729420950296,penalise_only_succeeded,True
64,med2-med2,twohop_multi_00312,/scratch/tdn39/real_exp/environments/twohop_candidates_topology_distinct_100/med2-med2/twohop_multi_00312,failure,False,stuck_retry_limit_reached,stuck_retry_limit_reached,16.88,"obstacle_0_movable,obstacle_1_movable",5,"blocked,blocked,under_commanded,blocked,blocked",2731,91.03333333333073,4.669983275001869,7,0.06872041802853346,0,0.4,0.4,0.28620497740348105,failure,False,simulation_harness_tick_limit_reached,timed_out_short_of_goal,8.16,"obstacle_0_movable,obstacle_1_movable",5,"blocked,blocked,blocked,blocked,blocked",3600,119.99999999999575,5.419500896940008,6,0.06713359314016998,0,0.9105416615967986,0.4,0.9105416615967986,both_failed,False
65,med2-med2,twohop_multi_00353,/scratch/tdn39/real_exp/environments/twohop_candidates_topology_distinct_100/med2-med2/twohop_multi_00353,failure,False,stuck_retry_limit_reached,stuck_retry_limit_reached,18.58,"obstacle_0_movable,obstacle_1_movable",5,"blocked,blocked,blocked,blocked,blocked",1997,66.56666666666545,5.299383365083486,7,0.07542395917698741,0,0.4,0.4,0.2697895588938847,failure,False,stuck_retry_limit_reached,stuck_retry_limit_reached,17.87,"obstacle_0_movable,obstacle_1_movable,obstacle_2_movable",5,"blocked,blocked,blocked,blocked,blocked",2345,78.1666666666648,4.457042334135622,7,0.07558916113339365,0,0.4,0.4,0.27261865688902687,both_failed,False
66,med2-med2,twohop_multi_00385,/scratch/tdn39/real_exp/environments/twohop_candidates_topology_distinct_100/med2-med2/twohop_multi_00385,failure,False,simulation_harness_tick_limit_reached,simulation_harness_tick_limit_reached,47.47,"obstacle_0_movable,obstacle_2_movable",1,under_commanded,3600,119.99999999999575,6.480202135862783,2,0.07658743602223694,0,0.4,0.4,0.19059327813792137,failure,False,stuck_retry_limit_reached,stuck_retry_limit_reached,14.03,"obstacle_0_movable,obstacle_1_movable,obstacle_2_movable",5,"blocked,under_commanded,blocked,under_commanded,under_commanded",3453,115.09999999999603,6.02194672008045,7,0.07442475389689207,0,0.4,0.4,0.29208831071941166,both_failed,False
67,med2-med2,twohop_multi_00389,/scratch/tdn39/real_exp/environments/twohop_candidates_topology_distinct_100/med2-med2/twohop_multi_00389,success,True,goal reached,,1.69,"obstacle_0_movable,obstacle_1_movable",0,,1417,47.23333333333321,2.0981117910705507,1,0.07174649089574814,0,0.4,0.4,0.0,success,True,goal reached,,1.01,"obstacle_0_movable,obstacle_1_movable",0,,1263,42.10000000000017,1.9422706430777907,1,0.07368837110698223,0,0.4,0.4,0.0,both_succeeded,True
68,med2-med2,twohop_multi_00392,/scratch/tdn39/real_exp/environments/twohop_candidates_topology_distinct_100/med2-med2/twohop_multi_00392,failure,False,stuck_retry_limit_reached,stuck_retry_limit_reached,36.65,obstacle_0_movable,5,"blocked,blocked,under_commanded,under_commanded,blocked",1251,41.700000000000195,2.3890492420177907,7,0.06748360092751682,0,0.4,0.4,0.2611792428842875,failure,False,stuck_retry_limit_reached,stuck_retry_limit_reached,17.42,"obstacle_0_movable,obstacle_1_movable",5,"blocked,blocked,blocked,blocked,blocked",3373,112.43333333332951,5.429347079945728,7,0.06683014845475554,0,0.4,0.4,0.2685428644406993,both_failed,False
69,med2-med2,twohop_multi_00395,/scratch/tdn39/real_exp/environments/twohop_candidates_topology_distinct_100/med2-med2/twohop_multi_00395,success,True,goal reached,,1.26,"obstacle_0_movable,obstacle_1_movable",1,blocked,883,29.433333333333955,1.5742386649362743,2,0.06841082195751369,0,0.4,0.4,0.1931217798343221,failure,False,stuck_retry_limit_reached,stuck_retry_limit_reached,12.76,"obstacle_0_movable,obstacle_1_movable",5,"blocked,blocked,blocked,blocked,blocked",1500,49.99999999999972,2.092647812794894,7,0.06959650805220008,0,0.4,0.4,0.26778802369586996,ignore_only_succeeded,True
70,med2-med2,twohop_multi_00396,/scratch/tdn39/real_exp/environments/twohop_candidates_topology_distinct_100/med2-med2/twohop_multi_00396,success,True,goal reached,,4.52,"obstacle_0_movable,obstacle_1_movable",0,,1244,41.466666666666875,2.449909904971719,1,0.08384759700857103,0,0.4,0.4,0.25623279844736657,failure,False,simulation_harness_tick_limit_reached,simulation_harness_tick_limit_reached,6.21,"obstacle_0_movable,obstacle_1_movable",1,under_commanded,3600,119.99999999999575,7.188937762053683,2,0.08470502682030201,0,0.4,0.4,0.25629356277029086,ignore_only_succeeded,True
71,med2-med2,twohop_multi_00413,/scratch/tdn39/real_exp/environments/twohop_candidates_topology_distinct_100/med2-med2/twohop_multi_00413,failure,False,stuck_retry_limit_reached,stuck_retry_limit_reached,37.21,obstacle_0_movable,5,"blocked,blocked,blocked,blocked,blocked",2252,75.06666666666497,4.621712931897491,7,0.08396685100160539,0,0.4,0.4,0.26606963230075675,failure,False,simulation_harness_tick_limit_reached,simulation_harness_tick_limit_reached,41.29,obstacle_0_movable,0,,3600,119.99999999999575,6.077997695887461,1,0.08417101087979972,0,0.4,0.4,0.0,both_failed,False
72,med2-med2,twohop_multi_00430,/scratch/tdn39/real_exp/environments/twohop_candidates_topology_distinct_100/med2-med2/twohop_multi_00430,failure,False,stuck_retry_limit_reached,stuck_retry_limit_reached,47.44,obstacle_0_movable,5,"blocked,blocked,blocked,blocked,blocked",1138,37.93333333333374,2.6067299200221896,7,0.09685465320944786,0,0.4,0.4,0.27900127937108365,failure,False,stuck_retry_limit_reached,stuck_retry_limit_reached,46.66,obstacle_0_movable,5,"blocked,blocked,blocked,blocked,blocked",1005,33.50000000000066,2.429254894843325,7,0.09389863209798932,0,0.4,0.4,0.25840425859639665,both_failed,False
73,med2-med2,twohop_multi_00431,/scratch/tdn39/real_exp/environments/twohop_candidates_topology_distinct_100/med2-med2/twohop_multi_00431,failure,False,stuck_retry_limit_reached,stuck_retry_limit_reached,19.87,"obstacle_0_movable,obstacle_1_movable",5,"blocked,blocked,blocked,blocked,blocked",1663,55.43333333333275,3.503917392808944,7,0.08297882322221994,0,0.4,0.4,0.26850267225887564,failure,False,stuck_retry_limit_reached,stuck_retry_limit_reached,19.21,"obstacle_0_movable,obstacle_1_movable",5,"blocked,blocked,blocked,blocked,blocked",1298,43.26666666666677,2.8180018309503794,7,0.07477911142632365,0,0.4,0.4,0.271650726705399,both_failed,False
74,med2-med2,twohop_multi_00452,/scratch/tdn39/real_exp/environments/twohop_candidates_topology_distinct_100/med2-med2/twohop_multi_00452,failure,False,stuck_retry_limit_reached,stuck_retry_limit_reached,9.22,"obstacle_0_movable,obstacle_1_movable",5,"blocked,under_commanded,under_commanded,blocked,blocked",2798,93.26666666666394,6.406527972081676,7,0.08437233348377049,0,0.4,0.4,0.28959069501156054,failure,False,stuck_retry_limit_reached,stuck_retry_limit_reached,5.19,"obstacle_0_movable,obstacle_1_movable",5,"blocked,under_commanded,blocked,blocked,blocked",1813,60.43333333333246,3.8782627410255373,7,0.07382668671198189,0,0.4,0.4,0.26543447334938075,both_failed,False
75,med2-med2,twohop_multi_00453,/scratch/tdn39/real_exp/environments/twohop_candidates_topology_distinct_100/med2-med2/twohop_multi_00453,failure,False,simulation_harness_tick_limit_reached,simulation_harness_tick_limit_reached,36.86,obstacle_0_movable,2,"under_commanded,under_commanded",3600,119.99999999999575,6.410372079117224,3,0.08274398720823228,0,0.4,0.4,0.2859705280270898,failure,False,simulation_harness_tick_limit_reached,timed_out_short_of_goal,18.81,"obstacle_0_movable,obstacle_1_movable",2,"blocked,blocked",3600,119.99999999999575,6.231596207944676,3,0.07403917680494487,0,0.4,0.4,0.28557606543931835,both_failed,False
76,med2-med2,twohop_multi_00456,/scratch/tdn39/real_exp/environments/twohop_candidates_topology_distinct_100/med2-med2/twohop_multi_00456,failure,False,stuck_retry_limit_reached,stuck_retry_limit_reached,12.92,"obstacle_0_movable,obstacle_1_movable,obstacle_2_movable",5,"blocked,blocked,blocked,blocked,blocked",1535,51.16666666666632,4.474789523985237,7,0.09257286111824214,0,0.4,0.4,0.2824671812559938,failure,False,stuck_retry_limit_reached,stuck_retry_limit_reached,5.08,"obstacle_0_movable,obstacle_1_movable,obstacle_2_movable",5,"blocked,blocked,blocked,blocked,blocked",1947,64.89999999999888,4.736007968895137,7,0.08772398717701435,0,0.4,0.4,0.2711953411917981,both_failed,False
77,med2-med2,twohop_multi_00474,/scratch/tdn39/real_exp/environments/twohop_candidates_topology_distinct_100/med2-med2/twohop_multi_00474,failure,False,simulation_harness_tick_limit_reached,simulation_harness_tick_limit_reached,25.19,"obstacle_0_movable,obstacle_1_movable",2,"under_commanded,under_commanded",3600,119.99999999999575,6.330954638076946,3,0.0901359950657934,0,0.4,0.4,0.25594880245265206,failure,False,stuck_retry_limit_reached,stuck_retry_limit_reached,17.43,"obstacle_0_movable,obstacle_1_movable",5,"under_commanded,blocked,blocked,blocked,blocked",2258,75.26666666666496,4.6541559221223,7,0.08054434275254607,0,0.4,0.4,0.26296175499432084,both_failed,False
78,med2-med2,twohop_multi_00493,/scratch/tdn39/real_exp/environments/twohop_candidates_topology_distinct_100/med2-med2/twohop_multi_00493,failure,False,simulation_harness_tick_limit_reached,simulation_harness_tick_limit_reached,14.57,"obstacle_0_movable,obstacle_1_movable",1,blocked,3600,119.99999999999575,6.369272836018354,2,0.0839015522506088,0,0.4,0.4,0.29553895493411453,failure,False,simulation_harness_tick_limit_reached,simulation_harness_tick_limit_reached,14.85,"obstacle_0_movable,obstacle_1_movable",1,blocked,3600,119.99999999999575,6.465549021959305,2,0.07453339220955968,0,0.4,0.4,0.29973100550347154,both_failed,False
79,med2-med2,twohop_multi_00529,/scratch/tdn39/real_exp/environments/twohop_candidates_topology_distinct_100/med2-med2/twohop_multi_00529,failure,False,stuck_retry_limit_reached,stuck_retry_limit_reached,18.85,"obstacle_0_movable,obstacle_1_movable",5,"blocked,blocked,blocked,blocked,blocked",1289,42.96666666666679,2.9249670680146664,7,0.08008733531460166,0,0.4,0.4,0.2625139381733046,failure,False,stuck_retry_limit_reached,stuck_retry_limit_reached,17.92,"obstacle_0_movable,obstacle_1_movable",5,"blocked,blocked,blocked,blocked,blocked",1914,63.79999999999894,4.032347738044336,7,0.07805387303233147,0,0.4,0.4,0.26498005574891187,both_failed,False
80,med2-med2,twohop_multi_00532,/scratch/tdn39/real_exp/environments/twohop_candidates_topology_distinct_100/med2-med2/twohop_multi_00532,failure,False,stuck_retry_limit_reached,stuck_retry_limit_reached,26.23,"obstacle_0_movable,obstacle_1_movable",5,"blocked,blocked,blocked,blocked,blocked",2131,71.03333333333187,4.08025339897722,7,0.08348438912071288,0,0.4,0.4,0.27288826549277106,failure,False,stuck_retry_limit_reached,stuck_retry_limit_reached,24.84,"obstacle_0_movable,obstacle_1_movable",5,"blocked,blocked,blocked,blocked,blocked",1573,52.43333333333292,3.1584700520616025,7,0.07753529981710017,0,0.4,0.4,0.2825697303654542,both_failed,False
81,med2-med2,twohop_multi_00540,/scratch/tdn39/real_exp/environments/twohop_candidates_topology_distinct_100/med2-med2/twohop_multi_00540,failure,False,stuck_retry_limit_reached,stuck_retry_limit_reached,33.98,obstacle_0_movable,5,"under_commanded,blocked,blocked,blocked,blocked",929,30.966666666667365,2.3391419041436166,7,0.08852223097346723,0,0.4,0.4,0.26031081340558637,failure,False,stuck_retry_limit_reached,stuck_retry_limit_reached,34.23,obstacle_0_movable,5,"under_commanded,under_commanded,blocked,blocked,blocked",1036,34.533333333333935,2.514698148937896,7,0.08661899482831359,0,0.4,0.4,0.2484928735929829,both_failed,False
82,med2-med2,twohop_multi_00563,/scratch/tdn39/real_exp/environments/twohop_candidates_topology_distinct_100/med2-med2/twohop_multi_00563,failure,False,stuck_retry_limit_reached,stuck_retry_limit_reached,39.81,obstacle_0_movable,5,"blocked,blocked,blocked,blocked,blocked",2252,75.06666666666497,4.115435220999643,7,0.07146131619811058,0,0.4,0.4,0.26606963230075675,failure,False,simulation_harness_tick_limit_reached,simulation_harness_tick_limit_reached,41.66,obstacle_0_movable,0,,3600,119.99999999999575,5.426752445055172,1,0.07028283807449043,0,0.4,0.4,0.0,both_failed,False
83,med2-med2,twohop_multi_00574,/scratch/tdn39/real_exp/environments/twohop_candidates_topology_distinct_100/med2-med2/twohop_multi_00574,success,True,goal reached,,1.04,"obstacle_0_movable,obstacle_1_movable",0,,633,21.100000000000207,1.1092159659601748,1,0.07192427013069391,0,0.4,0.4,0.0,success,True,goal reached,,0.97,"obstacle_0_movable,obstacle_1_movable",0,,479,15.96666666666662,0.8150803288444877,1,0.06741778715513647,0,0.4,0.4,0.0,both_succeeded,True
84,med2-med2,twohop_multi_00612,/scratch/tdn39/real_exp/environments/twohop_candidates_topology_distinct_100/med2-med2/twohop_multi_00612,failure,False,stuck_retry_limit_reached,stuck_retry_limit_reached,42.43,obstacle_0_movable,5,"blocked,blocked,blocked,blocked,under_commanded",1319,43.96666666666673,2.6021384508349,7,0.07521702395752072,0,0.4,0.4,0.2908894791690399,success,True,goal reached,,0.72,"obstacle_0_movable,obstacle_1_movable",1,blocked,1399,46.63333333333325,2.2148805810138583,2,0.07490233005955815,0,0.4,0.4,0.25802332425732805,penalise_only_succeeded,True
85,med2-med2,twohop_multi_00651,/scratch/tdn39/real_exp/environments/twohop_candidates_topology_distinct_100/med2-med2/twohop_multi_00651,success,True,goal reached,,1.59,"obstacle_0_movable,obstacle_1_movable",0,,317,10.56666666666664,0.5939735998399556,1,0.07114283484406769,0,0.4,0.4,0.0,success,True,goal reached,,3.71,"obstacle_0_movable,obstacle_1_movable",0,,551,18.366666666666738,0.9534210818819702,1,0.06868966785259545,0,0.4,0.4,0.2631216744392646,both_succeeded,True
86,med2-med2,twohop_multi_00673,/scratch/tdn39/real_exp/environments/twohop_candidates_topology_distinct_100/med2-med2/twohop_multi_00673,failure,False,stuck_retry_limit_reached,stuck_retry_limit_reached,26.54,"obstacle_0_movable,obstacle_1_movable",5,"blocked,blocked,blocked,blocked,blocked",1609,53.63333333333285,3.0515334790106863,7,0.07107066689059138,0,0.4,0.4,0.26761040169232864,failure,False,stuck_retry_limit_reached,stuck_retry_limit_reached,27.08,"obstacle_0_movable,obstacle_1_movable",5,"blocked,under_commanded,blocked,blocked,blocked",1713,57.09999999999932,3.1030967719852924,7,0.06724374601617455,0,0.4,0.4,0.29644386169406783,both_failed,False
87,med2-med2,twohop_multi_00711,/scratch/tdn39/real_exp/environments/twohop_candidates_topology_distinct_100/med2-med2/twohop_multi_00711,failure,False,simulation_harness_tick_limit_reached,simulation_harness_tick_limit_reached,14.82,"obstacle_0_movable,obstacle_1_movable",1,blocked,3600,119.99999999999575,5.684007250005379,2,0.06803253199905157,0,0.4,0.4,0.29780369947333774,failure,False,simulation_harness_tick_limit_reached,simulation_harness_tick_limit_reached,14.8,"obstacle_0_movable,obstacle_1_movable",1,blocked,3600,119.99999999999575,5.974521796917543,2,0.06706948881037533,0,0.4,0.4,0.29833495185363057,both_failed,False
88,med2-med2,twohop_multi_00760,/scratch/tdn39/real_exp/environments/twohop_candidates_topology_distinct_100/med2-med2/twohop_multi_00760,failure,False,stuck_retry_limit_reached,stuck_retry_limit_reached,30.43,"obstacle_0_movable,obstacle_1_movable",5,"blocked,blocked,blocked,blocked,blocked",1319,43.96666666666673,2.970532224047929,7,0.07682360685430467,0,0.4,0.4,0.25737793139680515,failure,False,simulation_harness_tick_limit_reached,timed_out_short_of_goal,26.36,"obstacle_0_movable,obstacle_1_movable",3,"blocked,blocked,blocked",3600,119.99999999999575,8.068661548895761,4,0.07588459295220673,0,0.4,0.4,0.25954958868225,both_failed,False
89,med2-med2,twohop_multi_00787,/scratch/tdn39/real_exp/environments/twohop_candidates_topology_distinct_100/med2-med2/twohop_multi_00787,failure,False,stuck_retry_limit_reached,stuck_retry_limit_reached,20.8,"obstacle_0_movable,obstacle_1_movable,obstacle_2_movable",5,"blocked,blocked,blocked,blocked,blocked",1552,51.73333333333296,3.7319931460078806,7,0.07359851850196719,0,0.4,0.4,0.2827525098418932,failure,False,stuck_retry_limit_reached,stuck_retry_limit_reached,18.06,"obstacle_0_movable,obstacle_1_movable,obstacle_2_movable",5,"blocked,blocked,blocked,blocked,blocked",1767,58.89999999999922,3.6170226528774947,7,0.07174411904998124,0,0.4,0.4,0.29639880340121927,both_failed,False
90,med2-med2,twohop_multi_00803,/scratch/tdn39/real_exp/environments/twohop_candidates_topology_distinct_100/med2-med2/twohop_multi_00803,success,True,goal reached,,1.25,"obstacle_0_movable,obstacle_1_movable",0,,530,17.666666666666703,1.134132883977145,1,0.07364613399840891,0,0.4,0.4,0.0,success,True,goal reached,,1.42,"obstacle_0_movable,obstacle_1_movable",1,under_commanded,841,28.033333333333886,1.5965582190547138,2,0.07034204597584903,0,0.4,0.4,0.2524620883250625,both_succeeded,True
91,med2-med2,twohop_multi_00817,/scratch/tdn39/real_exp/environments/twohop_candidates_topology_distinct_100/med2-med2/twohop_multi_00817,success,True,goal reached,,1.63,"obstacle_0_movable,obstacle_1_movable,obstacle_2_movable",0,,953,31.766666666667405,1.98823406198062,1,0.07334424695000052,0,0.4,0.4,0.0,success,True,goal reached,,1.12,"obstacle_0_movable,obstacle_1_movable,obstacle_2_movable",0,,854,28.46666666666724,1.777135542128235,1,0.0706337159499526,0,0.4,0.4,0.0,both_succeeded,True
92,med2-med2,twohop_multi_00843,/scratch/tdn39/real_exp/environments/twohop_candidates_topology_distinct_100/med2-med2/twohop_multi_00843,failure,False,stuck_retry_limit_reached,stuck_retry_limit_reached,15.33,"obstacle_0_movable,obstacle_1_movable,obstacle_2_movable",5,"blocked,under_commanded,under_commanded,under_commanded,under_commanded",3477,115.89999999999598,7.695451770909131,7,0.07478437898680568,0,0.4,0.4,0.2777426915365908,failure,False,stuck_retry_limit_reached,stuck_retry_limit_reached,28.52,"obstacle_0_movable,obstacle_1_movable,obstacle_2_movable",5,"blocked,blocked,blocked,blocked,blocked",2598,86.59999999999765,6.166617626091465,7,0.0712663377635181,0,0.4,0.4,0.2650725969648,both_failed,False
93,med2-med2,twohop_multi_00851,/scratch/tdn39/real_exp/environments/twohop_candidates_topology_distinct_100/med2-med2/twohop_multi_00851,success,True,goal reached,,1.12,"obstacle_0_movable,obstacle_1_movable",1,blocked,1623,54.09999999999949,2.740912200184539,2,0.06980841094627976,0,0.4,0.4,0.2889099077138555,success,True,goal reached,,1.09,"obstacle_0_movable,obstacle_1_movable",1,blocked,1143,38.1000000000004,1.946190063143149,2,0.06898874719627202,0,0.4,0.4,0.15,both_succeeded,True
94,med2-med2,twohop_multi_00868,/scratch/tdn39/real_exp/environments/twohop_candidates_topology_distinct_100/med2-med2/twohop_multi_00868,success,True,goal reached,,3.52,"obstacle_0_movable,obstacle_1_movable",1,under_commanded,1400,46.66666666666658,2.576666863868013,2,0.07894118898548186,0,0.4,0.4,0.26342357377940695,success,True,goal reached,,3.46,"obstacle_0_movable,obstacle_1_movable,obstacle_2_movable",0,,1117,37.23333333333378,2.0256294480059296,1,0.07695268210954964,0,0.4,0.4,0.2519676798641147,both_succeeded,True
95,med2-med2,twohop_multi_00897,/scratch/tdn39/real_exp/environments/twohop_candidates_topology_distinct_100/med2-med2/twohop_multi_00897,success,True,goal reached,,1.25,"obstacle_0_movable,obstacle_1_movable",2,"under_commanded,under_commanded",2697,89.89999999999746,4.3852658870164305,3,0.07693147705867887,0,0.4,0.4,0.2582688725316083,success,True,goal reached,,1.74,"obstacle_0_movable,obstacle_1_movable",1,under_commanded,2867,95.5666666666638,4.475783301983029,2,0.07389167882502079,0,0.4,0.4,0.15119262885989995,both_succeeded,True
96,med2-med2,twohop_multi_00902,/scratch/tdn39/real_exp/environments/twohop_candidates_topology_distinct_100/med2-med2/twohop_multi_00902,failure,False,stuck_retry_limit_reached,stuck_retry_limit_reached,17.94,"obstacle_0_movable,obstacle_1_movable,obstacle_2_movable",5,"under_commanded,under_commanded,blocked,blocked,blocked",2354,78.46666666666478,4.272696217056364,7,0.07574428268708289,0,0.4,0.4,0.2485302722867056,failure,False,simulation_harness_tick_limit_reached,simulation_harness_tick_limit_reached,14.04,"obstacle_0_movable,obstacle_1_movable",3,"blocked,blocked,blocked",3600,119.99999999999575,7.557199562201276,4,0.07259761588647962,0,0.4,0.4,0.2578376590806468,both_failed,False
97,med2-med2,twohop_multi_00933,/scratch/tdn39/real_exp/environments/twohop_candidates_topology_distinct_100/med2-med2/twohop_multi_00933,failure,False,simulation_harness_tick_limit_reached,simulation_harness_tick_limit_reached,47.47,"obstacle_0_movable,obstacle_2_movable",1,under_commanded,3600,119.99999999999575,6.473926314851269,2,0.07563257100991905,0,0.4,0.4,0.19059327813792137,failure,False,stuck_retry_limit_reached,stuck_retry_limit_reached,7.97,"obstacle_0_movable,obstacle_1_movable,obstacle_2_movable",5,"blocked,under_commanded,blocked,under_commanded,under_commanded",3280,109.33333333332969,5.853947045980021,7,0.07347047212533653,0,0.4,0.4,0.26175126012034394,both_failed,False
98,med2-med2,twohop_multi_00972,/scratch/tdn39/real_exp/environments/twohop_candidates_topology_distinct_100/med2-med2/twohop_multi_00972,failure,False,simulation_harness_tick_limit_reached,simulation_harness_tick_limit_reached,44.45,"obstacle_0_movable,obstacle_2_movable",1,under_commanded,3600,119.99999999999575,6.411645534913987,2,0.07553888508118689,0,0.4,0.4,0.19059327813792137,failure,False,stuck_retry_limit_reached,stuck_retry_limit_reached,27.01,"obstacle_0_movable,obstacle_1_movable,obstacle_2_movable",5,"blocked,under_commanded,blocked,under_commanded,under_commanded",3091,103.03333333333005,5.353257789975032,7,0.07355380058288574,0,0.4,0.4,0.29664250662626557,both_failed,False
99,med2-med2,twohop_multi_00998,/scratch/tdn39/real_exp/environments/twohop_candidates_topology_distinct_100/med2-med2/twohop_multi_00998,failure,False,stuck_retry_limit_reached,stuck_retry_limit_reached,15.18,"obstacle_0_movable,obstacle_1_movable",5,"blocked,blocked,blocked,blocked,blocked",1778,59.26666666666586,3.019217369146645,7,0.0740528735332191,0,0.4,0.4,0.2999217830104476,failure,False,stuck_retry_limit_reached,stuck_retry_limit_reached,15.54,"obstacle_0_movable,obstacle_1_movable",5,"blocked,under_commanded,blocked,blocked,under_commanded",1817,60.56666666666579,3.0760633361060172,7,0.07241565990261734,0,0.4,0.4,0.299806264014,both_failed,False
