inventory_index,profile_index,discovery_profile,scene_id,source_xml,post_k1_xml,post_k2_xml,k1_materialization_status,k1_transition_status,k2_materialization_status,k2_transition_status,sequential_transition_status,exact_joint_label,mechanical_independence_status,mechanical_independence_failure,k1_to_k2_position_delta_mm,k1_to_k2_angle_delta_deg,k2_to_k1_position_delta_mm,k2_to_k1_angle_delta_deg,navigation_category,nav_manifest_index,goal_cm,goal_x_cm,goal_y_cm,robot_start_cm,robot_start_x_cm,robot_start_y_cm,robot_start_bearing_deg,run_namo_goal_flag,k1_axis,k1_n_tried,k1_n_valid,k1_solve_rate,k1_tier,k1_n_tried_1push,k1_n_valid_1push,k1_n_valid_first_push,k1_n_open_within_2push,k1_solve_rate_1push,k1_solve_rate_hmax2,k1_tier_1push,k1_tier_hmax2,k1_push_kind,k1_timed_out,k1_classification_complete,k2_axis,k2_n_tried,k2_n_valid,k2_solve_rate,k2_tier,k2_n_tried_1push,k2_n_valid_1push,k2_n_valid_first_push,k2_n_open_within_2push,k2_solve_rate_1push,k2_solve_rate_hmax2,k2_tier_1push,k2_tier_hmax2,k2_push_kind,k2_timed_out,k2_classification_complete,nav_any_navigation_succeeded,nav_ignore_status,nav_ignore_reached,nav_ignore_failure_cause,nav_ignore_distance_to_goal_cm,nav_penalise_status,nav_penalise_reached,nav_penalise_failure_cause,nav_penalise_distance_to_goal_cm
0,0,hard1-hard1,twohop_multi_00524,/scratch/tdn39/real_exp/environments/twohop_candidates_v3_multiobject_topology_r1/hard1-hard1/twohop_multi_00524/env.xml,/scratch/tdn39/real_exp/results/twohop_v3_multiobject/topology_r1/exact_labels_v2_100_margin_0p1cm_v1/hard1-hard1/k1/shards/task_0000/xmls/twohop_candidates_v3_multiobject_topology_r1__hard1-hard1__twohop_multi_00524__env.xml,/scratch/tdn39/real_exp/results/twohop_v3_multiobject/topology_r1/exact_labels_v2_100_margin_0p1cm_v1/hard1-hard1/k2/shards/task_0000/xmls/twohop_candidates_v3_multiobject_topology_r1__hard1-hard1__twohop_multi_00524__env.xml,ok,valid,ok,valid,valid,other,passed,,0.0,0.0,0.072,0.0332,both_succeeded,21,"[24.5,68.0]",24.5,68.0,"[8.0,9.0]",8.0,9.0,0.0,--goal 24.5 68.0,1push,32,10,0.3125,easy,32,10,0,10,0.3125,0.3125,easy,easy,one_push,False,True,1push,25,3,0.12,med,25,3,0,3,0.12,0.12,med,med,one_push,False,True,True,success,True,,3.47,success,True,,3.65
1,1,hard1-hard1,twohop_multi_00978,/scratch/tdn39/real_exp/environments/twohop_candidates_v3_multiobject_topology_r1/hard1-hard1/twohop_multi_00978/env.xml,/scratch/tdn39/real_exp/results/twohop_v3_multiobject/topology_r1/exact_labels_v2_100_margin_0p1cm_v1/hard1-hard1/k1/shards/task_0001/xmls/twohop_candidates_v3_multiobject_topology_r1__hard1-hard1__twohop_multi_00978__env.xml,/scratch/tdn39/real_exp/results/twohop_v3_multiobject/topology_r1/exact_labels_v2_100_margin_0p1cm_v1/hard1-hard1/k2/shards/task_0001/xmls/twohop_candidates_v3_multiobject_topology_r1__hard1-hard1__twohop_multi_00978__env.xml,ok,valid,ok,valid,valid,other,passed,,0.0,0.0,0.0,0.0,both_succeeded,43,"[24.5,64.0]",24.5,64.0,"[16.0,9.0]",16.0,9.0,0.0,--goal 24.5 64.0,1push,44,29,0.6590909090909091,easy,44,29,0,29,0.6590909090909091,0.6590909090909091,easy,easy,one_push,False,True,1push,59,5,0.0847457627118644,med,59,5,0,5,0.0847457627118644,0.0847457627118644,med,med,one_push,False,True,True,success,True,,3.52,success,True,,3.7
2,2,hard1-hard1,twohop_multi_00289,/scratch/tdn39/real_exp/environments/twohop_candidates_v3_multiobject_topology_r1/hard1-hard1/twohop_multi_00289/env.xml,/scratch/tdn39/real_exp/results/twohop_v3_multiobject/topology_r1/exact_labels_v2_100_margin_0p1cm_v1/hard1-hard1/k1/shards/task_0002/xmls/twohop_candidates_v3_multiobject_topology_r1__hard1-hard1__twohop_multi_00289__env.xml,/scratch/tdn39/real_exp/results/twohop_v3_multiobject/topology_r1/exact_labels_v2_100_margin_0p1cm_v1/hard1-hard1/k2/shards/task_0002/xmls/twohop_candidates_v3_multiobject_topology_r1__hard1-hard1__twohop_multi_00289__env.xml,ok,valid,ok,valid,valid,other,passed,,0.0,0.0,0.0087,0.022,penalise_only_succeeded,7,"[24.5,64.0]",24.5,64.0,"[16.0,9.0]",16.0,9.0,0.0,--goal 24.5 64.0,1push,16,8,0.5,easy,16,8,0,8,0.5,0.5,easy,easy,one_push,False,True,1push,100,5,0.05,med,100,5,0,5,0.05,0.05,med,med,one_push,False,True,True,failure,False,simulation_harness_tick_limit_reached,4.74,success,True,,1.12
3,3,hard1-hard1,twohop_multi_01080,/scratch/tdn39/real_exp/environments/twohop_candidates_v3_multiobject_topology_r1/hard1-hard1/twohop_multi_01080/env.xml,/scratch/tdn39/real_exp/results/twohop_v3_multiobject/topology_r1/exact_labels_v2_100_margin_0p1cm_v1/hard1-hard1/k1/shards/task_0003/xmls/twohop_candidates_v3_multiobject_topology_r1__hard1-hard1__twohop_multi_01080__env.xml,/scratch/tdn39/real_exp/results/twohop_v3_multiobject/topology_r1/exact_labels_v2_100_margin_0p1cm_v1/hard1-hard1/k2/shards/task_0003/xmls/twohop_candidates_v3_multiobject_topology_r1__hard1-hard1__twohop_multi_01080__env.xml,ok,valid,ok,valid,valid,other,passed,,0.0,0.0,0.0,0.0,ignore_only_succeeded,48,"[24.5,64.0]",24.5,64.0,"[24.5,9.0]",24.5,9.0,0.0,--goal 24.5 64.0,1push,58,20,0.3448275862068966,easy,58,20,0,20,0.3448275862068966,0.3448275862068966,easy,easy,one_push,False,True,1push,63,18,0.2857142857142857,med,63,18,0,18,0.2857142857142857,0.2857142857142857,med,med,one_push,False,True,True,success,True,,1.83,failure,False,timed_out_short_of_goal,14.91
4,4,hard1-hard1,twohop_multi_00606,/scratch/tdn39/real_exp/environments/twohop_candidates_v3_multiobject_topology_r1/hard1-hard1/twohop_multi_00606/env.xml,/scratch/tdn39/real_exp/results/twohop_v3_multiobject/topology_r1/exact_labels_v2_100_margin_0p1cm_v1/hard1-hard1/k1/shards/task_0004/xmls/twohop_candidates_v3_multiobject_topology_r1__hard1-hard1__twohop_multi_00606__env.xml,/scratch/tdn39/real_exp/results/twohop_v3_multiobject/topology_r1/exact_labels_v2_100_margin_0p1cm_v1/hard1-hard1/k2/shards/task_0004/xmls/twohop_candidates_v3_multiobject_topology_r1__hard1-hard1__twohop_multi_00606__env.xml,ok,valid,ok,valid,valid,other,passed,,0.0,0.0,0.0,0.0,both_succeeded,28,"[33.0,68.0]",33.0,68.0,"[16.0,9.0]",16.0,9.0,0.0,--goal 33.0 68.0,1push,44,29,0.6590909090909091,easy,44,29,0,29,0.6590909090909091,0.6590909090909091,easy,easy,one_push,False,True,1push,23,5,0.21739130434782608,med,23,5,0,5,0.21739130434782608,0.21739130434782608,med,med,one_push,False,True,True,success,True,,1.26,success,True,,1.2
5,5,hard1-hard1,twohop_multi_00746,/scratch/tdn39/real_exp/environments/twohop_candidates_v3_multiobject_topology_r1/hard1-hard1/twohop_multi_00746/env.xml,/scratch/tdn39/real_exp/results/twohop_v3_multiobject/topology_r1/exact_labels_v2_100_margin_0p1cm_v1/hard1-hard1/k1/shards/task_0005/xmls/twohop_candidates_v3_multiobject_topology_r1__hard1-hard1__twohop_multi_00746__env.xml,,ok,valid,no_opener_decrements_hop,invalid,incomplete,incomplete,not_computed,,,,,,ignore_only_succeeded,36,"[24.5,64.0]",24.5,64.0,"[16.0,9.0]",16.0,9.0,0.0,--goal 24.5 64.0,1push,23,15,0.6521739130434783,easy,23,15,0,15,0.6521739130434783,0.6521739130434783,easy,easy,one_push,False,True,1push,149,6,0.040268456375838924,hard,149,6,0,6,0.040268456375838924,0.040268456375838924,hard,hard,one_push,False,True,True,success,True,,3.7,failure,False,simulation_harness_tick_limit_reached,13.1
6,6,hard1-hard1,twohop_multi_00725,/scratch/tdn39/real_exp/environments/twohop_candidates_v3_multiobject_topology_r1/hard1-hard1/twohop_multi_00725/env.xml,,,no_opener_decrements_hop,invalid,missing,missing,incomplete,incomplete,not_computed,,,,,,both_failed,35,"[24.5,64.0]",24.5,64.0,"[8.0,9.0]",8.0,9.0,0.0,--goal 24.5 64.0,1push,26,9,0.34615384615384615,easy,26,9,0,9,0.34615384615384615,0.34615384615384615,easy,easy,one_push,False,True,,,,,,,,,,,,,,,,,False,failure,False,simulation_harness_tick_limit_reached,15.44,failure,False,stuck_retry_limit_reached,13.87
7,7,hard1-hard1,twohop_multi_00466,/scratch/tdn39/real_exp/environments/twohop_candidates_v3_multiobject_topology_r1/hard1-hard1/twohop_multi_00466/env.xml,/scratch/tdn39/real_exp/results/twohop_v3_multiobject/topology_r1/exact_labels_v2_100_margin_0p1cm_v1/hard1-hard1/k1/shards/task_0007/xmls/twohop_candidates_v3_multiobject_topology_r1__hard1-hard1__twohop_multi_00466__env.xml,/scratch/tdn39/real_exp/results/twohop_v3_multiobject/topology_r1/exact_labels_v2_100_margin_0p1cm_v1/hard1-hard1/k2/shards/task_0006/xmls/twohop_candidates_v3_multiobject_topology_r1__hard1-hard1__twohop_multi_00466__env.xml,ok,valid,ok,valid,valid,other,passed,,0.0,0.0,0.0,0.0,both_failed,16,"[24.5,64.0]",24.5,64.0,"[8.0,9.0]",8.0,9.0,0.0,--goal 24.5 64.0,1push,60,16,0.26666666666666666,med,60,16,0,16,0.26666666666666666,0.26666666666666666,med,med,one_push,False,True,1push,142,5,0.035211267605633804,hard,142,5,0,5,0.035211267605633804,0.035211267605633804,hard,hard,one_push,False,True,False,failure,False,stuck_retry_limit_reached,22.19,failure,False,stuck_retry_limit_reached,14.96
8,8,hard1-hard1,twohop_multi_00074,/scratch/tdn39/real_exp/environments/twohop_candidates_v3_multiobject_topology_r1/hard1-hard1/twohop_multi_00074/env.xml,,,no_opener_decrements_hop,invalid,missing,missing,incomplete,incomplete,not_computed,,,,,,both_failed,1,"[24.5,64.0]",24.5,64.0,"[8.0,9.0]",8.0,9.0,0.0,--goal 24.5 64.0,1push,102,1,0.00980392156862745,hard,102,1,0,1,0.00980392156862745,0.00980392156862745,hard,hard,one_push,False,True,,,,,,,,,,,,,,,,,False,failure,False,stuck_retry_limit_reached,11.83,failure,False,simulation_harness_tick_limit_reached,13.13
9,9,hard1-hard1,twohop_multi_00523,/scratch/tdn39/real_exp/environments/twohop_candidates_v3_multiobject_topology_r1/hard1-hard1/twohop_multi_00523/env.xml,/scratch/tdn39/real_exp/results/twohop_v3_multiobject/topology_r1/exact_labels_v2_100_margin_0p1cm_v1/hard1-hard1/k1/shards/task_0009/xmls/twohop_candidates_v3_multiobject_topology_r1__hard1-hard1__twohop_multi_00523__env.xml,/scratch/tdn39/real_exp/results/twohop_v3_multiobject/topology_r1/exact_labels_v2_100_margin_0p1cm_v1/hard1-hard1/k2/shards/task_0007/xmls/twohop_candidates_v3_multiobject_topology_r1__hard1-hard1__twohop_multi_00523__env.xml,ok,valid,ok,valid,valid,other,passed,,0.0,0.0,0.0,0.0,ignore_only_succeeded,20,"[24.5,64.0]",24.5,64.0,"[24.5,9.0]",24.5,9.0,0.0,--goal 24.5 64.0,1push,58,20,0.3448275862068966,easy,58,20,0,20,0.3448275862068966,0.3448275862068966,easy,easy,one_push,False,True,1push,45,2,0.044444444444444446,hard,45,2,0,2,0.044444444444444446,0.044444444444444446,hard,hard,one_push,False,True,True,success,True,,1.68,failure,False,stuck_retry_limit_reached,15.5
10,10,hard1-hard1,twohop_multi_00705,/scratch/tdn39/real_exp/environments/twohop_candidates_v3_multiobject_topology_r1/hard1-hard1/twohop_multi_00705/env.xml,/scratch/tdn39/real_exp/results/twohop_v3_multiobject/topology_r1/exact_labels_v2_100_margin_0p1cm_v1/hard1-hard1/k1/shards/task_0010/xmls/twohop_candidates_v3_multiobject_topology_r1__hard1-hard1__twohop_multi_00705__env.xml,/scratch/tdn39/real_exp/results/twohop_v3_multiobject/topology_r1/exact_labels_v2_100_margin_0p1cm_v1/hard1-hard1/k2/shards/task_0008/xmls/twohop_candidates_v3_multiobject_topology_r1__hard1-hard1__twohop_multi_00705__env.xml,ok,valid,ok,valid,valid,other,passed,,0.0,0.0,0.072,0.0332,both_succeeded,34,"[24.5,64.0]",24.5,64.0,"[8.0,9.0]",8.0,9.0,0.0,--goal 24.5 64.0,1push,32,10,0.3125,easy,32,10,0,10,0.3125,0.3125,easy,easy,one_push,False,True,1push,86,4,0.046511627906976744,hard,86,4,0,4,0.046511627906976744,0.046511627906976744,hard,hard,one_push,False,True,True,success,True,,4.12,success,True,,1.67
11,11,hard1-hard1,twohop_multi_00678,/scratch/tdn39/real_exp/environments/twohop_candidates_v3_multiobject_topology_r1/hard1-hard1/twohop_multi_00678/env.xml,/scratch/tdn39/real_exp/results/twohop_v3_multiobject/topology_r1/exact_labels_v2_100_margin_0p1cm_v1/hard1-hard1/k1/shards/task_0011/xmls/twohop_candidates_v3_multiobject_topology_r1__hard1-hard1__twohop_multi_00678__env.xml,/scratch/tdn39/real_exp/results/twohop_v3_multiobject/topology_r1/exact_labels_v2_100_margin_0p1cm_v1/hard1-hard1/k2/shards/task_0009/xmls/twohop_candidates_v3_multiobject_topology_r1__hard1-hard1__twohop_multi_00678__env.xml,ok,valid,ok,valid,valid,other,passed,,0.0,0.0,0.0755,0.0187,both_succeeded,32,"[8.0,66.0]",8.0,66.0,"[16.0,9.0]",16.0,9.0,0.0,--goal 8.0 66.0,1push,16,8,0.5,easy,16,8,0,8,0.5,0.5,easy,easy,one_push,False,True,1push,71,4,0.056338028169014086,med,71,4,0,4,0.056338028169014086,0.056338028169014086,med,med,one_push,False,True,True,success,True,,1.96,success,True,,2.08
12,12,hard1-hard1,twohop_multi_00531,/scratch/tdn39/real_exp/environments/twohop_candidates_v3_multiobject_topology_r1/hard1-hard1/twohop_multi_00531/env.xml,,,no_opener_decrements_hop,invalid,missing,missing,incomplete,incomplete,not_computed,,,,,,both_failed,22,"[24.5,64.0]",24.5,64.0,"[8.0,9.0]",8.0,9.0,0.0,--goal 24.5 64.0,1push,26,9,0.34615384615384615,easy,26,9,0,9,0.34615384615384615,0.34615384615384615,easy,easy,one_push,False,True,,,,,,,,,,,,,,,,,False,failure,False,stuck_retry_limit_reached,13.37,failure,False,stuck_retry_limit_reached,14.84
13,13,hard1-hard1,twohop_multi_00194,/scratch/tdn39/real_exp/environments/twohop_candidates_v3_multiobject_topology_r1/hard1-hard1/twohop_multi_00194/env.xml,/scratch/tdn39/real_exp/results/twohop_v3_multiobject/topology_r1/exact_labels_v2_100_margin_0p1cm_v1/hard1-hard1/k1/shards/task_0013/xmls/twohop_candidates_v3_multiobject_topology_r1__hard1-hard1__twohop_multi_00194__env.xml,/scratch/tdn39/real_exp/results/twohop_v3_multiobject/topology_r1/exact_labels_v2_100_margin_0p1cm_v1/hard1-hard1/k2/shards/task_0010/xmls/twohop_candidates_v3_multiobject_topology_r1__hard1-hard1__twohop_multi_00194__env.xml,ok,valid,ok,valid,valid,other,passed,,0.0,0.0,0.0,0.0,both_succeeded,5,"[8.0,68.0]",8.0,68.0,"[24.5,9.0]",24.5,9.0,0.0,--goal 8.0 68.0,1push,38,22,0.5789473684210527,easy,38,22,0,22,0.5789473684210527,0.5789473684210527,easy,easy,one_push,False,True,1push,63,4,0.06349206349206349,med,63,4,0,4,0.06349206349206349,0.06349206349206349,med,med,one_push,False,True,True,success,True,,4.89,success,True,,4.81
14,14,hard1-hard1,twohop_multi_00505,/scratch/tdn39/real_exp/environments/twohop_candidates_v3_multiobject_topology_r1/hard1-hard1/twohop_multi_00505/env.xml,/scratch/tdn39/real_exp/results/twohop_v3_multiobject/topology_r1/exact_labels_v2_100_margin_0p1cm_v1/hard1-hard1/k1/shards/task_0014/xmls/twohop_candidates_v3_multiobject_topology_r1__hard1-hard1__twohop_multi_00505__env.xml,/scratch/tdn39/real_exp/results/twohop_v3_multiobject/topology_r1/exact_labels_v2_100_margin_0p1cm_v1/hard1-hard1/k2/shards/task_0011/xmls/twohop_candidates_v3_multiobject_topology_r1__hard1-hard1__twohop_multi_00505__env.xml,ok,valid,ok,valid,valid,other,passed,,0.0,0.0,0.0,0.0,ignore_only_succeeded,18,"[24.5,66.0]",24.5,66.0,"[8.0,9.0]",8.0,9.0,0.0,--goal 24.5 66.0,1push,40,22,0.55,easy,40,22,0,22,0.55,0.55,easy,easy,one_push,False,True,1push,91,7,0.07692307692307693,med,91,7,0,7,0.07692307692307693,0.07692307692307693,med,med,one_push,False,True,True,success,True,,1.54,failure,False,stuck_retry_limit_reached,17.22
15,15,hard1-hard1,twohop_multi_00569,/scratch/tdn39/real_exp/environments/twohop_candidates_v3_multiobject_topology_r1/hard1-hard1/twohop_multi_00569/env.xml,/scratch/tdn39/real_exp/results/twohop_v3_multiobject/topology_r1/exact_labels_v2_100_margin_0p1cm_v1/hard1-hard1/k1/shards/task_0015/xmls/twohop_candidates_v3_multiobject_topology_r1__hard1-hard1__twohop_multi_00569__env.xml,/scratch/tdn39/real_exp/results/twohop_v3_multiobject/topology_r1/exact_labels_v2_100_margin_0p1cm_v1/hard1-hard1/k2/shards/task_0012/xmls/twohop_candidates_v3_multiobject_topology_r1__hard1-hard1__twohop_multi_00569__env.xml,ok,valid,ok,valid,valid,other,passed,,0.0,0.0,0.0249,0.0307,both_failed,24,"[24.5,64.0]",24.5,64.0,"[8.0,9.0]",8.0,9.0,0.0,--goal 24.5 64.0,1push,58,23,0.39655172413793105,easy,58,23,0,23,0.39655172413793105,0.39655172413793105,easy,easy,one_push,False,True,1push,51,5,0.09803921568627451,med,51,5,0,5,0.09803921568627451,0.09803921568627451,med,med,one_push,False,True,False,failure,False,stuck_retry_limit_reached,11.72,failure,False,simulation_harness_tick_limit_reached,13.96
16,16,hard1-hard1,twohop_multi_00179,/scratch/tdn39/real_exp/environments/twohop_candidates_v3_multiobject_topology_r1/hard1-hard1/twohop_multi_00179/env.xml,/scratch/tdn39/real_exp/results/twohop_v3_multiobject/topology_r1/exact_labels_v2_100_margin_0p1cm_v1/hard1-hard1/k1/shards/task_0016/xmls/twohop_candidates_v3_multiobject_topology_r1__hard1-hard1__twohop_multi_00179__env.xml,/scratch/tdn39/real_exp/results/twohop_v3_multiobject/topology_r1/exact_labels_v2_100_margin_0p1cm_v1/hard1-hard1/k2/shards/task_0013/xmls/twohop_candidates_v3_multiobject_topology_r1__hard1-hard1__twohop_multi_00179__env.xml,ok,valid,ok,valid,valid,other,passed,,0.0,0.0,0.0,0.0,both_succeeded,4,"[24.5,64.0]",24.5,64.0,"[8.0,9.0]",8.0,9.0,0.0,--goal 24.5 64.0,1push,60,16,0.26666666666666666,med,60,16,0,16,0.26666666666666666,0.26666666666666666,med,med,one_push,False,True,1push,105,5,0.047619047619047616,hard,105,5,0,5,0.047619047619047616,0.047619047619047616,hard,hard,one_push,False,True,True,success,True,,1.03,success,True,,1.45
17,17,hard1-hard1,twohop_multi_01018,/scratch/tdn39/real_exp/environments/twohop_candidates_v3_multiobject_topology_r1/hard1-hard1/twohop_multi_01018/env.xml,,,no_opener_decrements_hop,invalid,missing,missing,incomplete,incomplete,not_computed,,,,,,penalise_only_succeeded,44,"[8.0,70.0]",8.0,70.0,"[8.0,9.0]",8.0,9.0,0.0,--goal 8.0 70.0,1push,92,20,0.21739130434782608,med,92,20,0,20,0.21739130434782608,0.21739130434782608,med,med,one_push,False,True,,,,,,,,,,,,,,,,,True,failure,False,stuck_retry_limit_reached,26.07,success,True,,1.6
18,18,hard1-hard1,twohop_multi_00331,/scratch/tdn39/real_exp/environments/twohop_candidates_v3_multiobject_topology_r1/hard1-hard1/twohop_multi_00331/env.xml,,,no_opener_decrements_hop,invalid,missing,missing,incomplete,incomplete,not_computed,,,,,,both_failed,9,"[24.5,64.0]",24.5,64.0,"[41.0,9.0]",41.0,9.0,0.0,--goal 24.5 64.0,1push,88,20,0.22727272727272727,med,88,20,0,20,0.22727272727272727,0.22727272727272727,med,med,one_push,False,True,,,,,,,,,,,,,,,,,False,failure,False,stuck_retry_limit_reached,17.51,failure,False,stuck_retry_limit_reached,16.54
19,19,hard1-hard1,twohop_multi_00477,/scratch/tdn39/real_exp/environments/twohop_candidates_v3_multiobject_topology_r1/hard1-hard1/twohop_multi_00477/env.xml,/scratch/tdn39/real_exp/results/twohop_v3_multiobject/topology_r1/exact_labels_v2_100_margin_0p1cm_v1/hard1-hard1/k1/shards/task_0019/xmls/twohop_candidates_v3_multiobject_topology_r1__hard1-hard1__twohop_multi_00477__env.xml,/scratch/tdn39/real_exp/results/twohop_v3_multiobject/topology_r1/exact_labels_v2_100_margin_0p1cm_v1/hard1-hard1/k2/shards/task_0014/xmls/twohop_candidates_v3_multiobject_topology_r1__hard1-hard1__twohop_multi_00477__env.xml,ok,valid,ok,valid,valid,other,passed,,0.0,0.0,0.0,0.0,penalise_only_succeeded,17,"[33.0,68.0]",33.0,68.0,"[16.0,9.0]",16.0,9.0,0.0,--goal 33.0 68.0,1push,57,22,0.38596491228070173,easy,57,22,0,22,0.38596491228070173,0.38596491228070173,easy,easy,one_push,False,True,1push,23,5,0.21739130434782608,med,23,5,0,5,0.21739130434782608,0.21739130434782608,med,med,one_push,False,True,True,failure,False,stuck_retry_limit_reached,38.03,success,True,,4.91
20,20,hard1-hard1,twohop_multi_00086,/scratch/tdn39/real_exp/environments/twohop_candidates_v3_multiobject_topology_r1/hard1-hard1/twohop_multi_00086/env.xml,/scratch/tdn39/real_exp/results/twohop_v3_multiobject/topology_r1/exact_labels_v2_100_margin_0p1cm_v1/hard1-hard1/k1/shards/task_0020/xmls/twohop_candidates_v3_multiobject_topology_r1__hard1-hard1__twohop_multi_00086__env.xml,/scratch/tdn39/real_exp/results/twohop_v3_multiobject/topology_r1/exact_labels_v2_100_margin_0p1cm_v1/hard1-hard1/k2/shards/task_0015/xmls/twohop_candidates_v3_multiobject_topology_r1__hard1-hard1__twohop_multi_00086__env.xml,ok,valid,ok,valid,valid,other,passed,,0.0,0.0,0.0087,0.022,ignore_only_succeeded,2,"[8.0,64.0]",8.0,64.0,"[16.0,9.0]",16.0,9.0,0.0,--goal 8.0 64.0,1push,16,8,0.5,easy,16,8,0,8,0.5,0.5,easy,easy,one_push,False,True,1push,129,2,0.015503875968992248,hard,129,2,0,2,0.015503875968992248,0.015503875968992248,hard,hard,one_push,False,True,True,success,True,,1.38,failure,False,stuck_retry_limit_reached,28.09
21,21,hard1-hard1,twohop_multi_00371,/scratch/tdn39/real_exp/environments/twohop_candidates_v3_multiobject_topology_r1/hard1-hard1/twohop_multi_00371/env.xml,/scratch/tdn39/real_exp/results/twohop_v3_multiobject/topology_r1/exact_labels_v2_100_margin_0p1cm_v1/hard1-hard1/k1/shards/task_0021/xmls/twohop_candidates_v3_multiobject_topology_r1__hard1-hard1__twohop_multi_00371__env.xml,/scratch/tdn39/real_exp/results/twohop_v3_multiobject/topology_r1/exact_labels_v2_100_margin_0p1cm_v1/hard1-hard1/k2/shards/task_0016/xmls/twohop_candidates_v3_multiobject_topology_r1__hard1-hard1__twohop_multi_00371__env.xml,ok,valid,ok,valid,valid,other,passed,,0.0,0.0,0.0,0.0,both_succeeded,14,"[24.5,64.0]",24.5,64.0,"[16.0,9.0]",16.0,9.0,0.0,--goal 24.5 64.0,1push,44,29,0.6590909090909091,easy,44,29,0,29,0.6590909090909091,0.6590909090909091,easy,easy,one_push,False,True,1push,43,1,0.023255813953488372,hard,43,1,0,1,0.023255813953488372,0.023255813953488372,hard,hard,one_push,False,True,True,success,True,,0.95,success,True,,1.02
22,22,hard1-hard1,twohop_multi_00370,/scratch/tdn39/real_exp/environments/twohop_candidates_v3_multiobject_topology_r1/hard1-hard1/twohop_multi_00370/env.xml,/scratch/tdn39/real_exp/results/twohop_v3_multiobject/topology_r1/exact_labels_v2_100_margin_0p1cm_v1/hard1-hard1/k1/shards/task_0022/xmls/twohop_candidates_v3_multiobject_topology_r1__hard1-hard1__twohop_multi_00370__env.xml,/scratch/tdn39/real_exp/results/twohop_v3_multiobject/topology_r1/exact_labels_v2_100_margin_0p1cm_v1/hard1-hard1/k2/shards/task_0017/xmls/twohop_candidates_v3_multiobject_topology_r1__hard1-hard1__twohop_multi_00370__env.xml,ok,valid,ok,valid,valid,other,passed,,0.0,0.0,0.0,0.0,ignore_only_succeeded,13,"[24.5,64.0]",24.5,64.0,"[8.0,9.0]",8.0,9.0,0.0,--goal 24.5 64.0,1push,60,16,0.26666666666666666,med,60,16,0,16,0.26666666666666666,0.26666666666666666,med,med,one_push,False,True,1push,149,6,0.040268456375838924,hard,149,6,0,6,0.040268456375838924,0.040268456375838924,hard,hard,one_push,False,True,True,success,True,,3.64,failure,False,stuck_retry_limit_reached,17.49
23,23,hard1-hard1,twohop_multi_00620,/scratch/tdn39/real_exp/environments/twohop_candidates_v3_multiobject_topology_r1/hard1-hard1/twohop_multi_00620/env.xml,/scratch/tdn39/real_exp/results/twohop_v3_multiobject/topology_r1/exact_labels_v2_100_margin_0p1cm_v1/hard1-hard1/k1/shards/task_0023/xmls/twohop_candidates_v3_multiobject_topology_r1__hard1-hard1__twohop_multi_00620__env.xml,/scratch/tdn39/real_exp/results/twohop_v3_multiobject/topology_r1/exact_labels_v2_100_margin_0p1cm_v1/hard1-hard1/k2/shards/task_0018/xmls/twohop_candidates_v3_multiobject_topology_r1__hard1-hard1__twohop_multi_00620__env.xml,ok,valid,ok,valid,valid,other,passed,,0.0,0.0,0.0087,0.022,both_failed,29,"[24.5,64.0]",24.5,64.0,"[16.0,9.0]",16.0,9.0,0.0,--goal 24.5 64.0,1push,16,8,0.5,easy,16,8,0,8,0.5,0.5,easy,easy,one_push,False,True,1push,136,18,0.1323529411764706,med,136,18,0,18,0.1323529411764706,0.1323529411764706,med,med,one_push,False,True,False,failure,False,stuck_retry_limit_reached,16.97,failure,False,stuck_retry_limit_reached,15.3
24,24,hard1-hard1,twohop_multi_00672,/scratch/tdn39/real_exp/environments/twohop_candidates_v3_multiobject_topology_r1/hard1-hard1/twohop_multi_00672/env.xml,/scratch/tdn39/real_exp/results/twohop_v3_multiobject/topology_r1/exact_labels_v2_100_margin_0p1cm_v1/hard1-hard1/k1/shards/task_0024/xmls/twohop_candidates_v3_multiobject_topology_r1__hard1-hard1__twohop_multi_00672__env.xml,/scratch/tdn39/real_exp/results/twohop_v3_multiobject/topology_r1/exact_labels_v2_100_margin_0p1cm_v1/hard1-hard1/k2/shards/task_0019/xmls/twohop_candidates_v3_multiobject_topology_r1__hard1-hard1__twohop_multi_00672__env.xml,ok,valid,ok,valid,valid,other,passed,,0.0,0.0,0.0219,0.0029,both_succeeded,31,"[24.5,64.0]",24.5,64.0,"[16.0,9.0]",16.0,9.0,0.0,--goal 24.5 64.0,1push,23,15,0.6521739130434783,easy,23,15,0,15,0.6521739130434783,0.6521739130434783,easy,easy,one_push,False,True,1push,71,5,0.07042253521126761,med,71,5,0,5,0.07042253521126761,0.07042253521126761,med,med,one_push,False,True,True,success,True,,1.45,success,True,,1.35
25,25,hard1-hard1,twohop_multi_00588,/scratch/tdn39/real_exp/environments/twohop_candidates_v3_multiobject_topology_r1/hard1-hard1/twohop_multi_00588/env.xml,/scratch/tdn39/real_exp/results/twohop_v3_multiobject/topology_r1/exact_labels_v2_100_margin_0p1cm_v1/hard1-hard1/k1/shards/task_0025/xmls/twohop_candidates_v3_multiobject_topology_r1__hard1-hard1__twohop_multi_00588__env.xml,/scratch/tdn39/real_exp/results/twohop_v3_multiobject/topology_r1/exact_labels_v2_100_margin_0p1cm_v1/hard1-hard1/k2/shards/task_0020/xmls/twohop_candidates_v3_multiobject_topology_r1__hard1-hard1__twohop_multi_00588__env.xml,ok,valid,ok,valid,valid,other,passed,,0.0,0.0,0.0087,0.022,ignore_only_succeeded,26,"[24.5,64.0]",24.5,64.0,"[16.0,9.0]",16.0,9.0,0.0,--goal 24.5 64.0,1push,16,8,0.5,easy,16,8,0,8,0.5,0.5,easy,easy,one_push,False,True,1push,139,5,0.03597122302158273,hard,139,5,0,5,0.03597122302158273,0.03597122302158273,hard,hard,one_push,False,True,True,success,True,,3.7,failure,False,stuck_retry_limit_reached,15.18
26,26,hard1-hard1,twohop_multi_00237,/scratch/tdn39/real_exp/environments/twohop_candidates_v3_multiobject_topology_r1/hard1-hard1/twohop_multi_00237/env.xml,/scratch/tdn39/real_exp/results/twohop_v3_multiobject/topology_r1/exact_labels_v2_100_margin_0p1cm_v1/hard1-hard1/k1/shards/task_0026/xmls/twohop_candidates_v3_multiobject_topology_r1__hard1-hard1__twohop_multi_00237__env.xml,/scratch/tdn39/real_exp/results/twohop_v3_multiobject/topology_r1/exact_labels_v2_100_margin_0p1cm_v1/hard1-hard1/k2/shards/task_0021/xmls/twohop_candidates_v3_multiobject_topology_r1__hard1-hard1__twohop_multi_00237__env.xml,ok,valid,ok,valid,valid,other,passed,,0.0,0.0,0.0,0.0,both_succeeded,6,"[24.5,64.0]",24.5,64.0,"[8.0,9.0]",8.0,9.0,0.0,--goal 24.5 64.0,1push,33,28,0.8484848484848485,easy,33,28,0,28,0.8484848484848485,0.8484848484848485,easy,easy,one_push,False,True,1push,61,6,0.09836065573770492,med,61,6,0,6,0.09836065573770492,0.09836065573770492,med,med,one_push,False,True,True,success,True,,1.68,success,True,,1.44
27,27,hard1-hard1,twohop_multi_00351,/scratch/tdn39/real_exp/environments/twohop_candidates_v3_multiobject_topology_r1/hard1-hard1/twohop_multi_00351/env.xml,/scratch/tdn39/real_exp/results/twohop_v3_multiobject/topology_r1/exact_labels_v2_100_margin_0p1cm_v1/hard1-hard1/k1/shards/task_0027/xmls/twohop_candidates_v3_multiobject_topology_r1__hard1-hard1__twohop_multi_00351__env.xml,/scratch/tdn39/real_exp/results/twohop_v3_multiobject/topology_r1/exact_labels_v2_100_margin_0p1cm_v1/hard1-hard1/k2/shards/task_0022/xmls/twohop_candidates_v3_multiobject_topology_r1__hard1-hard1__twohop_multi_00351__env.xml,ok,valid,ok,valid,valid,other,passed,,0.0,0.0,0.0,0.0,ignore_only_succeeded,10,"[24.5,64.0]",24.5,64.0,"[8.0,9.0]",8.0,9.0,0.0,--goal 24.5 64.0,1push,33,28,0.8484848484848485,easy,33,28,0,28,0.8484848484848485,0.8484848484848485,easy,easy,one_push,False,True,1push,100,27,0.27,med,100,27,0,27,0.27,0.27,med,med,one_push,False,True,True,success,True,,4.04,failure,False,stuck_retry_limit_reached,14.97
28,28,hard1-hard1,twohop_multi_00696,/scratch/tdn39/real_exp/environments/twohop_candidates_v3_multiobject_topology_r1/hard1-hard1/twohop_multi_00696/env.xml,/scratch/tdn39/real_exp/results/twohop_v3_multiobject/topology_r1/exact_labels_v2_100_margin_0p1cm_v1/hard1-hard1/k1/shards/task_0028/xmls/twohop_candidates_v3_multiobject_topology_r1__hard1-hard1__twohop_multi_00696__env.xml,/scratch/tdn39/real_exp/results/twohop_v3_multiobject/topology_r1/exact_labels_v2_100_margin_0p1cm_v1/hard1-hard1/k2/shards/task_0023/xmls/twohop_candidates_v3_multiobject_topology_r1__hard1-hard1__twohop_multi_00696__env.xml,ok,valid,ok,valid,valid,other,passed,,0.0,0.0,0.0,0.0,both_succeeded,33,"[33.0,70.0]",33.0,70.0,"[24.5,9.0]",24.5,9.0,0.0,--goal 33.0 70.0,1push,58,20,0.3448275862068966,easy,58,20,0,20,0.3448275862068966,0.3448275862068966,easy,easy,one_push,False,True,1push,19,3,0.15789473684210525,med,19,3,0,3,0.15789473684210525,0.15789473684210525,med,med,one_push,False,True,True,success,True,,1.34,success,True,,1.21
29,29,hard1-hard1,twohop_multi_00935,/scratch/tdn39/real_exp/environments/twohop_candidates_v3_multiobject_topology_r1/hard1-hard1/twohop_multi_00935/env.xml,/scratch/tdn39/real_exp/results/twohop_v3_multiobject/topology_r1/exact_labels_v2_100_margin_0p1cm_v1/hard1-hard1/k1/shards/task_0029/xmls/twohop_candidates_v3_multiobject_topology_r1__hard1-hard1__twohop_multi_00935__env.xml,/scratch/tdn39/real_exp/results/twohop_v3_multiobject/topology_r1/exact_labels_v2_100_margin_0p1cm_v1/hard1-hard1/k2/shards/task_0024/xmls/twohop_candidates_v3_multiobject_topology_r1__hard1-hard1__twohop_multi_00935__env.xml,ok,valid,ok,valid,valid,other,passed,,0.0,0.0,0.0087,0.022,both_succeeded,42,"[8.0,64.0]",8.0,64.0,"[16.0,9.0]",16.0,9.0,0.0,--goal 8.0 64.0,1push,16,8,0.5,easy,16,8,0,8,0.5,0.5,easy,easy,one_push,False,True,1push,75,3,0.04,hard,75,3,0,3,0.04,0.04,hard,hard,one_push,False,True,True,success,True,,2.01,success,True,,1.82
30,30,hard1-hard1,twohop_multi_00749,/scratch/tdn39/real_exp/environments/twohop_candidates_v3_multiobject_topology_r1/hard1-hard1/twohop_multi_00749/env.xml,/scratch/tdn39/real_exp/results/twohop_v3_multiobject/topology_r1/exact_labels_v2_100_margin_0p1cm_v1/hard1-hard1/k1/shards/task_0030/xmls/twohop_candidates_v3_multiobject_topology_r1__hard1-hard1__twohop_multi_00749__env.xml,/scratch/tdn39/real_exp/results/twohop_v3_multiobject/topology_r1/exact_labels_v2_100_margin_0p1cm_v1/hard1-hard1/k2/shards/task_0025/xmls/twohop_candidates_v3_multiobject_topology_r1__hard1-hard1__twohop_multi_00749__env.xml,ok,valid,ok,valid,valid,other,passed,,0.0,0.0,0.0,0.0,both_failed,37,"[24.5,66.0]",24.5,66.0,"[8.0,9.0]",8.0,9.0,0.0,--goal 24.5 66.0,1push,33,6,0.18181818181818182,med,33,6,0,6,0.18181818181818182,0.18181818181818182,med,med,one_push,False,True,1push,6,2,0.3333333333333333,easy,6,2,0,2,0.3333333333333333,0.3333333333333333,easy,easy,one_push,False,True,False,failure,False,simulation_harness_tick_limit_reached,30.23,failure,False,simulation_harness_tick_limit_reached,30.67
31,31,hard1-hard1,twohop_multi_00589,/scratch/tdn39/real_exp/environments/twohop_candidates_v3_multiobject_topology_r1/hard1-hard1/twohop_multi_00589/env.xml,/scratch/tdn39/real_exp/results/twohop_v3_multiobject/topology_r1/exact_labels_v2_100_margin_0p1cm_v1/hard1-hard1/k1/shards/task_0031/xmls/twohop_candidates_v3_multiobject_topology_r1__hard1-hard1__twohop_multi_00589__env.xml,/scratch/tdn39/real_exp/results/twohop_v3_multiobject/topology_r1/exact_labels_v2_100_margin_0p1cm_v1/hard1-hard1/k2/shards/task_0026/xmls/twohop_candidates_v3_multiobject_topology_r1__hard1-hard1__twohop_multi_00589__env.xml,ok,valid,ok,valid,valid,other,passed,,0.0,0.0,0.0,0.0,both_succeeded,27,"[8.0,64.0]",8.0,64.0,"[33.0,11.0]",33.0,11.0,0.0,--goal 8.0 64.0,1push,9,5,0.5555555555555556,easy,9,5,0,5,0.5555555555555556,0.5555555555555556,easy,easy,one_push,False,True,1push,22,5,0.22727272727272727,med,22,5,0,5,0.22727272727272727,0.22727272727272727,med,med,one_push,False,True,True,success,True,,1.31,success,True,,1.37
32,32,hard1-hard1,twohop_multi_01071,/scratch/tdn39/real_exp/environments/twohop_candidates_v3_multiobject_topology_r1/hard1-hard1/twohop_multi_01071/env.xml,/scratch/tdn39/real_exp/results/twohop_v3_multiobject/topology_r1/exact_labels_v2_100_margin_0p1cm_v1/hard1-hard1/k1/shards/task_0032/xmls/twohop_candidates_v3_multiobject_topology_r1__hard1-hard1__twohop_multi_01071__env.xml,/scratch/tdn39/real_exp/results/twohop_v3_multiobject/topology_r1/exact_labels_v2_100_margin_0p1cm_v1/hard1-hard1/k2/shards/task_0027/xmls/twohop_candidates_v3_multiobject_topology_r1__hard1-hard1__twohop_multi_01071__env.xml,ok,valid,ok,valid,valid,other,passed,,0.0,0.0,0.0249,0.0307,both_failed,47,"[24.5,64.0]",24.5,64.0,"[8.0,9.0]",8.0,9.0,0.0,--goal 24.5 64.0,1push,58,23,0.39655172413793105,easy,58,23,0,23,0.39655172413793105,0.39655172413793105,easy,easy,one_push,False,True,1push,100,6,0.06,med,100,6,0,6,0.06,0.06,med,med,one_push,False,True,False,failure,False,stuck_retry_limit_reached,18.81,failure,False,stuck_retry_limit_reached,19.95
33,33,hard1-hard1,twohop_multi_00934,/scratch/tdn39/real_exp/environments/twohop_candidates_v3_multiobject_topology_r1/hard1-hard1/twohop_multi_00934/env.xml,/scratch/tdn39/real_exp/results/twohop_v3_multiobject/topology_r1/exact_labels_v2_100_margin_0p1cm_v1/hard1-hard1/k1/shards/task_0033/xmls/twohop_candidates_v3_multiobject_topology_r1__hard1-hard1__twohop_multi_00934__env.xml,/scratch/tdn39/real_exp/results/twohop_v3_multiobject/topology_r1/exact_labels_v2_100_margin_0p1cm_v1/hard1-hard1/k2/shards/task_0028/xmls/twohop_candidates_v3_multiobject_topology_r1__hard1-hard1__twohop_multi_00934__env.xml,ok,valid,ok,valid,valid,other,passed,,0.0,0.0,0.0755,0.0187,ignore_only_succeeded,41,"[8.0,64.0]",8.0,64.0,"[16.0,9.0]",16.0,9.0,0.0,--goal 8.0 64.0,1push,16,8,0.5,easy,16,8,0,8,0.5,0.5,easy,easy,one_push,False,True,1push,129,2,0.015503875968992248,hard,129,2,0,2,0.015503875968992248,0.015503875968992248,hard,hard,one_push,False,True,True,success,True,,4.48,failure,False,stuck_retry_limit_reached,28.29
34,34,hard1-hard1,twohop_multi_00386,/scratch/tdn39/real_exp/environments/twohop_candidates_v3_multiobject_topology_r1/hard1-hard1/twohop_multi_00386/env.xml,/scratch/tdn39/real_exp/results/twohop_v3_multiobject/topology_r1/exact_labels_v2_100_margin_0p1cm_v1/hard1-hard1/k1/shards/task_0034/xmls/twohop_candidates_v3_multiobject_topology_r1__hard1-hard1__twohop_multi_00386__env.xml,/scratch/tdn39/real_exp/results/twohop_v3_multiobject/topology_r1/exact_labels_v2_100_margin_0p1cm_v1/hard1-hard1/k2/shards/task_0029/xmls/twohop_candidates_v3_multiobject_topology_r1__hard1-hard1__twohop_multi_00386__env.xml,ok,valid,ok,valid,valid,other,passed,,0.0,0.0,0.072,0.0332,ignore_only_succeeded,15,"[24.5,64.0]",24.5,64.0,"[8.0,9.0]",8.0,9.0,0.0,--goal 24.5 64.0,1push,32,10,0.3125,easy,32,10,0,10,0.3125,0.3125,easy,easy,one_push,False,True,1push,74,6,0.08108108108108109,med,74,6,0,6,0.08108108108108109,0.08108108108108109,med,med,one_push,False,True,True,success,True,,4.7,failure,False,stuck_retry_limit_reached,19.48
35,35,hard1-hard1,twohop_multi_00142,/scratch/tdn39/real_exp/environments/twohop_candidates_v3_multiobject_topology_r1/hard1-hard1/twohop_multi_00142/env.xml,/scratch/tdn39/real_exp/results/twohop_v3_multiobject/topology_r1/exact_labels_v2_100_margin_0p1cm_v1/hard1-hard1/k1/shards/task_0035/xmls/twohop_candidates_v3_multiobject_topology_r1__hard1-hard1__twohop_multi_00142__env.xml,/scratch/tdn39/real_exp/results/twohop_v3_multiobject/topology_r1/exact_labels_v2_100_margin_0p1cm_v1/hard1-hard1/k2/shards/task_0030/xmls/twohop_candidates_v3_multiobject_topology_r1__hard1-hard1__twohop_multi_00142__env.xml,ok,valid,ok,valid,valid,other,passed,,0.0,0.0,0.0755,0.0187,both_failed,3,"[24.5,64.0]",24.5,64.0,"[16.0,9.0]",16.0,9.0,0.0,--goal 24.5 64.0,1push,16,8,0.5,easy,16,8,0,8,0.5,0.5,easy,easy,one_push,False,True,1push,135,16,0.11851851851851852,med,135,16,0,16,0.11851851851851852,0.11851851851851852,med,med,one_push,False,True,False,failure,False,stuck_retry_limit_reached,16.68,failure,False,stuck_retry_limit_reached,15.28
36,36,hard1-hard1,twohop_multi_00852,/scratch/tdn39/real_exp/environments/twohop_candidates_v3_multiobject_topology_r1/hard1-hard1/twohop_multi_00852/env.xml,,,no_opener_decrements_hop,invalid,missing,missing,incomplete,incomplete,not_computed,,,,,,both_failed,40,"[24.5,64.0]",24.5,64.0,"[8.0,9.0]",8.0,9.0,0.0,--goal 24.5 64.0,1push,102,1,0.00980392156862745,hard,102,1,0,1,0.00980392156862745,0.00980392156862745,hard,hard,one_push,False,True,,,,,,,,,,,,,,,,,False,failure,False,stuck_retry_limit_reached,10.75,failure,False,stuck_retry_limit_reached,16.23
37,37,hard1-hard1,twohop_multi_00366,/scratch/tdn39/real_exp/environments/twohop_candidates_v3_multiobject_topology_r1/hard1-hard1/twohop_multi_00366/env.xml,/scratch/tdn39/real_exp/results/twohop_v3_multiobject/topology_r1/exact_labels_v2_100_margin_0p1cm_v1/hard1-hard1/k1/shards/task_0037/xmls/twohop_candidates_v3_multiobject_topology_r1__hard1-hard1__twohop_multi_00366__env.xml,/scratch/tdn39/real_exp/results/twohop_v3_multiobject/topology_r1/exact_labels_v2_100_margin_0p1cm_v1/hard1-hard1/k2/shards/task_0031/xmls/twohop_candidates_v3_multiobject_topology_r1__hard1-hard1__twohop_multi_00366__env.xml,ok,valid,ok,valid,valid,other,passed,,0.0,0.0,0.0755,0.0187,both_succeeded,11,"[8.0,64.0]",8.0,64.0,"[16.0,9.0]",16.0,9.0,0.0,--goal 8.0 64.0,1push,16,8,0.5,easy,16,8,0,8,0.5,0.5,easy,easy,one_push,False,True,1push,22,5,0.22727272727272727,med,22,5,0,5,0.22727272727272727,0.22727272727272727,med,med,one_push,False,True,True,success,True,,1.25,success,True,,1.43
38,38,hard1-hard1,twohop_multi_01111,/scratch/tdn39/real_exp/environments/twohop_candidates_v3_multiobject_topology_r1/hard1-hard1/twohop_multi_01111/env.xml,/scratch/tdn39/real_exp/results/twohop_v3_multiobject/topology_r1/exact_labels_v2_100_margin_0p1cm_v1/hard1-hard1/k1/shards/task_0038/xmls/twohop_candidates_v3_multiobject_topology_r1__hard1-hard1__twohop_multi_01111__env.xml,/scratch/tdn39/real_exp/results/twohop_v3_multiobject/topology_r1/exact_labels_v2_100_margin_0p1cm_v1/hard1-hard1/k2/shards/task_0032/xmls/twohop_candidates_v3_multiobject_topology_r1__hard1-hard1__twohop_multi_01111__env.xml,ok,valid,ok,valid,valid,other,passed,,0.0,0.0,0.0,0.0,ignore_only_succeeded,49,"[24.5,64.0]",24.5,64.0,"[33.0,11.0]",33.0,11.0,0.0,--goal 24.5 64.0,1push,9,5,0.5555555555555556,easy,9,5,0,5,0.5555555555555556,0.5555555555555556,easy,easy,one_push,False,True,1push,139,14,0.10071942446043165,med,139,14,0,14,0.10071942446043165,0.10071942446043165,med,med,one_push,False,True,True,success,True,,1.7,failure,False,stuck_retry_limit_reached,16.66
39,39,hard1-hard1,twohop_multi_01024,/scratch/tdn39/real_exp/environments/twohop_candidates_v3_multiobject_topology_r1/hard1-hard1/twohop_multi_01024/env.xml,/scratch/tdn39/real_exp/results/twohop_v3_multiobject/topology_r1/exact_labels_v2_100_margin_0p1cm_v1/hard1-hard1/k1/shards/task_0039/xmls/twohop_candidates_v3_multiobject_topology_r1__hard1-hard1__twohop_multi_01024__env.xml,/scratch/tdn39/real_exp/results/twohop_v3_multiobject/topology_r1/exact_labels_v2_100_margin_0p1cm_v1/hard1-hard1/k2/shards/task_0033/xmls/twohop_candidates_v3_multiobject_topology_r1__hard1-hard1__twohop_multi_01024__env.xml,ok,valid,ok,valid,valid,other,passed,,0.0,0.0,0.0,0.0,ignore_only_succeeded,45,"[24.5,64.0]",24.5,64.0,"[33.0,11.0]",33.0,11.0,0.0,--goal 24.5 64.0,1push,9,5,0.5555555555555556,easy,9,5,0,5,0.5555555555555556,0.5555555555555556,easy,easy,one_push,False,True,1push,158,2,0.012658227848101266,hard,158,2,0,2,0.012658227848101266,0.012658227848101266,hard,hard,one_push,False,True,True,success,True,,3.58,failure,False,stuck_retry_limit_reached,15.07
40,40,hard1-hard1,twohop_multi_01037,/scratch/tdn39/real_exp/environments/twohop_candidates_v3_multiobject_topology_r1/hard1-hard1/twohop_multi_01037/env.xml,/scratch/tdn39/real_exp/results/twohop_v3_multiobject/topology_r1/exact_labels_v2_100_margin_0p1cm_v1/hard1-hard1/k1/shards/task_0040/xmls/twohop_candidates_v3_multiobject_topology_r1__hard1-hard1__twohop_multi_01037__env.xml,/scratch/tdn39/real_exp/results/twohop_v3_multiobject/topology_r1/exact_labels_v2_100_margin_0p1cm_v1/hard1-hard1/k2/shards/task_0034/xmls/twohop_candidates_v3_multiobject_topology_r1__hard1-hard1__twohop_multi_01037__env.xml,ok,valid,ok,valid,valid,other,passed,,0.0,0.0,0.0,0.0,ignore_only_succeeded,46,"[24.5,64.0]",24.5,64.0,"[33.0,11.0]",33.0,11.0,0.0,--goal 24.5 64.0,1push,9,5,0.5555555555555556,easy,9,5,0,5,0.5555555555555556,0.5555555555555556,easy,easy,one_push,False,True,1push,143,5,0.03496503496503497,hard,143,5,0,5,0.03496503496503497,0.03496503496503497,hard,hard,one_push,False,True,True,success,True,,1.63,failure,False,stuck_retry_limit_reached,14.94
41,41,hard1-hard1,twohop_multi_00506,/scratch/tdn39/real_exp/environments/twohop_candidates_v3_multiobject_topology_r1/hard1-hard1/twohop_multi_00506/env.xml,/scratch/tdn39/real_exp/results/twohop_v3_multiobject/topology_r1/exact_labels_v2_100_margin_0p1cm_v1/hard1-hard1/k1/shards/task_0041/xmls/twohop_candidates_v3_multiobject_topology_r1__hard1-hard1__twohop_multi_00506__env.xml,/scratch/tdn39/real_exp/results/twohop_v3_multiobject/topology_r1/exact_labels_v2_100_margin_0p1cm_v1/hard1-hard1/k2/shards/task_0035/xmls/twohop_candidates_v3_multiobject_topology_r1__hard1-hard1__twohop_multi_00506__env.xml,ok,valid,ok,valid,valid,other,passed,,0.0,0.0,0.0,0.0,both_failed,19,"[8.0,64.0]",8.0,64.0,"[33.0,11.0]",33.0,11.0,0.0,--goal 8.0 64.0,1push,9,5,0.5555555555555556,easy,9,5,0,5,0.5555555555555556,0.5555555555555556,easy,easy,one_push,False,True,1push,74,4,0.05405405405405406,med,74,4,0,4,0.05405405405405406,0.05405405405405406,med,med,one_push,False,True,False,failure,False,simulation_harness_tick_limit_reached,36.25,failure,False,simulation_harness_tick_limit_reached,36.51
42,42,hard1-hard1,twohop_multi_00654,/scratch/tdn39/real_exp/environments/twohop_candidates_v3_multiobject_topology_r1/hard1-hard1/twohop_multi_00654/env.xml,,,no_opener_decrements_hop,invalid,missing,missing,incomplete,incomplete,not_computed,,,,,,both_succeeded,30,"[24.5,66.0]",24.5,66.0,"[41.0,9.0]",41.0,9.0,0.0,--goal 24.5 66.0,1push,88,20,0.22727272727272727,med,88,20,0,20,0.22727272727272727,0.22727272727272727,med,med,one_push,False,True,,,,,,,,,,,,,,,,,True,success,True,,1.47,success,True,,1.42
43,43,hard1-hard1,twohop_multi_00584,/scratch/tdn39/real_exp/environments/twohop_candidates_v3_multiobject_topology_r1/hard1-hard1/twohop_multi_00584/env.xml,/scratch/tdn39/real_exp/results/twohop_v3_multiobject/topology_r1/exact_labels_v2_100_margin_0p1cm_v1/hard1-hard1/k1/shards/task_0043/xmls/twohop_candidates_v3_multiobject_topology_r1__hard1-hard1__twohop_multi_00584__env.xml,/scratch/tdn39/real_exp/results/twohop_v3_multiobject/topology_r1/exact_labels_v2_100_margin_0p1cm_v1/hard1-hard1/k2/shards/task_0036/xmls/twohop_candidates_v3_multiobject_topology_r1__hard1-hard1__twohop_multi_00584__env.xml,ok,valid,ok,valid,valid,other,passed,,0.0,0.0,0.0,0.0,both_succeeded,25,"[24.5,64.0]",24.5,64.0,"[8.0,9.0]",8.0,9.0,0.0,--goal 24.5 64.0,1push,40,22,0.55,easy,40,22,0,22,0.55,0.55,easy,easy,one_push,False,True,1push,57,2,0.03508771929824561,hard,57,2,0,2,0.03508771929824561,0.03508771929824561,hard,hard,one_push,False,True,True,success,True,,1.5,success,True,,1.35
44,44,hard1-hard1,twohop_multi_00319,/scratch/tdn39/real_exp/environments/twohop_candidates_v3_multiobject_topology_r1/hard1-hard1/twohop_multi_00319/env.xml,/scratch/tdn39/real_exp/results/twohop_v3_multiobject/topology_r1/exact_labels_v2_100_margin_0p1cm_v1/hard1-hard1/k1/shards/task_0044/xmls/twohop_candidates_v3_multiobject_topology_r1__hard1-hard1__twohop_multi_00319__env.xml,/scratch/tdn39/real_exp/results/twohop_v3_multiobject/topology_r1/exact_labels_v2_100_margin_0p1cm_v1/hard1-hard1/k2/shards/task_0037/xmls/twohop_candidates_v3_multiobject_topology_r1__hard1-hard1__twohop_multi_00319__env.xml,ok,valid,ok,valid,valid,other,passed,,0.0,0.0,0.033,0.022,both_succeeded,8,"[8.0,64.0]",8.0,64.0,"[16.0,9.0]",16.0,9.0,0.0,--goal 8.0 64.0,1push,36,32,0.8888888888888888,easy,36,32,0,32,0.8888888888888888,0.8888888888888888,easy,easy,one_push,False,True,1push,63,3,0.047619047619047616,hard,63,3,0,3,0.047619047619047616,0.047619047619047616,hard,hard,one_push,False,True,True,success,True,,2.26,success,True,,2.04
45,45,hard1-hard1,twohop_multi_00003,/scratch/tdn39/real_exp/environments/twohop_candidates_v3_multiobject_topology_r1/hard1-hard1/twohop_multi_00003/env.xml,,,no_opener_decrements_hop,invalid,missing,missing,incomplete,incomplete,not_computed,,,,,,both_failed,0,"[24.5,64.0]",24.5,64.0,"[8.0,9.0]",8.0,9.0,0.0,--goal 24.5 64.0,1push,26,9,0.34615384615384615,easy,26,9,0,9,0.34615384615384615,0.34615384615384615,easy,easy,one_push,False,True,,,,,,,,,,,,,,,,,False,failure,False,stuck_retry_limit_reached,15.9,failure,False,stuck_retry_limit_reached,16.91
46,46,hard1-hard1,twohop_multi_00819,/scratch/tdn39/real_exp/environments/twohop_candidates_v3_multiobject_topology_r1/hard1-hard1/twohop_multi_00819/env.xml,/scratch/tdn39/real_exp/results/twohop_v3_multiobject/topology_r1/exact_labels_v2_100_margin_0p1cm_v1/hard1-hard1/k1/shards/task_0046/xmls/twohop_candidates_v3_multiobject_topology_r1__hard1-hard1__twohop_multi_00819__env.xml,,ok,valid,no_kh1_opener,invalid,incomplete,incomplete,not_computed,,,,,,both_failed,39,"[24.5,64.0]",24.5,64.0,"[16.0,9.0]",16.0,9.0,0.0,--goal 24.5 64.0,1push,16,8,0.5,easy,16,8,0,8,0.5,0.5,easy,easy,one_push,False,True,hmax2,157,0,0.0,unsolvable,157,0,0,0,0.0,0.0,unsolvable,unsolvable,unsolvable,False,True,False,failure,False,stuck_retry_limit_reached,15.14,failure,False,stuck_retry_limit_reached,15.02
47,47,hard1-hard1,twohop_multi_00369,/scratch/tdn39/real_exp/environments/twohop_candidates_v3_multiobject_topology_r1/hard1-hard1/twohop_multi_00369/env.xml,,,no_opener_decrements_hop,invalid,missing,missing,incomplete,incomplete,not_computed,,,,,,ignore_only_succeeded,12,"[24.5,64.0]",24.5,64.0,"[41.0,9.0]",41.0,9.0,0.0,--goal 24.5 64.0,1push,88,20,0.22727272727272727,med,88,20,0,20,0.22727272727272727,0.22727272727272727,med,med,one_push,False,True,,,,,,,,,,,,,,,,,True,success,True,,3.72,failure,False,stuck_retry_limit_reached,18.82
48,48,hard1-hard1,twohop_multi_00566,/scratch/tdn39/real_exp/environments/twohop_candidates_v3_multiobject_topology_r1/hard1-hard1/twohop_multi_00566/env.xml,/scratch/tdn39/real_exp/results/twohop_v3_multiobject/topology_r1/exact_labels_v2_100_margin_0p1cm_v1/hard1-hard1/k1/shards/task_0048/xmls/twohop_candidates_v3_multiobject_topology_r1__hard1-hard1__twohop_multi_00566__env.xml,,ok,valid,no_kh1_opener,invalid,incomplete,incomplete,not_computed,,,,,,ignore_only_succeeded,23,"[24.5,64.0]",24.5,64.0,"[24.5,9.0]",24.5,9.0,0.0,--goal 24.5 64.0,1push,58,20,0.3448275862068966,easy,58,20,0,20,0.3448275862068966,0.3448275862068966,easy,easy,one_push,False,True,hmax2,61,0,0.0,unsolvable,61,0,0,0,0.0,0.0,unsolvable,unsolvable,unsolvable,False,True,True,success,True,,1.48,failure,False,simulation_harness_tick_limit_reached,37.53
49,49,hard1-hard1,twohop_multi_00800,/scratch/tdn39/real_exp/environments/twohop_candidates_v3_multiobject_topology_r1/hard1-hard1/twohop_multi_00800/env.xml,/scratch/tdn39/real_exp/results/twohop_v3_multiobject/topology_r1/exact_labels_v2_100_margin_0p1cm_v1/hard1-hard1/k1/shards/task_0049/xmls/twohop_candidates_v3_multiobject_topology_r1__hard1-hard1__twohop_multi_00800__env.xml,/scratch/tdn39/real_exp/results/twohop_v3_multiobject/topology_r1/exact_labels_v2_100_margin_0p1cm_v1/hard1-hard1/k2/shards/task_0040/xmls/twohop_candidates_v3_multiobject_topology_r1__hard1-hard1__twohop_multi_00800__env.xml,ok,valid,ok,valid,valid,other,passed,,0.0,0.0,0.0,0.0,both_succeeded,38,"[24.5,64.0]",24.5,64.0,"[33.0,11.0]",33.0,11.0,0.0,--goal 24.5 64.0,1push,9,5,0.5555555555555556,easy,9,5,0,5,0.5555555555555556,0.5555555555555556,easy,easy,one_push,False,True,1push,135,18,0.13333333333333333,med,135,18,0,18,0.13333333333333333,0.13333333333333333,med,med,one_push,False,True,True,success,True,,3.69,success,True,,3.66
50,0,med2-med2,twohop_multi_00474,/scratch/tdn39/real_exp/environments/twohop_candidates_v3_multiobject_topology_r1/med2-med2/twohop_multi_00474/env.xml,/scratch/tdn39/real_exp/results/twohop_v3_multiobject/topology_r1/exact_labels_v2_100_margin_0p1cm_v1/med2-med2/k1/shards/task_0000/xmls/twohop_candidates_v3_multiobject_topology_r1__med2-med2__twohop_multi_00474__env.xml,,ok,valid,scene_timeout,invalid,incomplete,incomplete,not_computed,,,,,,both_failed,77,"[24.5,64.0]",24.5,64.0,"[8.0,9.0]",8.0,9.0,0.0,--goal 24.5 64.0,1push,60,16,0.26666666666666666,med,60,16,32,48,0.26666666666666666,0.8,med,easy,one_push,False,True,,,,,,,,,,,,,,,,,False,failure,False,simulation_harness_tick_limit_reached,25.19,failure,False,stuck_retry_limit_reached,17.43
51,1,med2-med2,twohop_multi_00389,/scratch/tdn39/real_exp/environments/twohop_candidates_v3_multiobject_topology_r1/med2-med2/twohop_multi_00389/env.xml,/scratch/tdn39/real_exp/results/twohop_v3_multiobject/topology_r1/exact_labels_v2_100_margin_0p1cm_v1/med2-med2/k1/shards/task_0001/xmls/twohop_candidates_v3_multiobject_topology_r1__med2-med2__twohop_multi_00389__env.xml,,ok,valid,scene_timeout,invalid,incomplete,incomplete,not_computed,,,,,,both_succeeded,67,"[24.5,64.0]",24.5,64.0,"[16.0,9.0]",16.0,9.0,0.0,--goal 24.5 64.0,1push,23,15,0.6521739130434783,easy,23,15,4,19,0.6521739130434783,0.8260869565217391,easy,easy,one_push,False,True,,,,,,,,,,,,,,,,,True,success,True,,1.69,success,True,,1.01
52,2,med2-med2,twohop_multi_00282,/scratch/tdn39/real_exp/environments/twohop_candidates_v3_multiobject_topology_r1/med2-med2/twohop_multi_00282/env.xml,/scratch/tdn39/real_exp/results/twohop_v3_multiobject/topology_r1/exact_labels_v2_100_margin_0p1cm_v1/med2-med2/k1/shards/task_0002/xmls/twohop_candidates_v3_multiobject_topology_r1__med2-med2__twohop_multi_00282__env.xml,,ok,valid,no_kh1_opener,invalid,incomplete,incomplete,not_computed,,,,,,both_failed,61,"[8.0,64.0]",8.0,64.0,"[24.5,9.0]",24.5,9.0,0.0,--goal 8.0 64.0,1push,21,4,0.19047619047619047,med,21,4,2,6,0.19047619047619047,0.2857142857142857,med,med,one_push,False,True,,,,,,,,,,,,,,,,,False,failure,False,timed_out_short_of_goal,17.92,failure,False,simulation_harness_tick_limit_reached,15.77
53,3,med2-med2,twohop_multi_00392,/scratch/tdn39/real_exp/environments/twohop_candidates_v3_multiobject_topology_r1/med2-med2/twohop_multi_00392/env.xml,/scratch/tdn39/real_exp/results/twohop_v3_multiobject/topology_r1/exact_labels_v2_100_margin_0p1cm_v1/med2-med2/k1/shards/task_0003/xmls/twohop_candidates_v3_multiobject_topology_r1__med2-med2__twohop_multi_00392__env.xml,,ok,valid,scene_timeout,invalid,incomplete,incomplete,not_computed,,,,,,both_failed,68,"[8.0,66.0]",8.0,66.0,"[24.5,9.0]",24.5,9.0,0.0,--goal 8.0 66.0,1push,61,16,0.26229508196721313,med,61,16,2,18,0.26229508196721313,0.29508196721311475,med,med,one_push,False,True,,,,,,,,,,,,,,,,,False,failure,False,stuck_retry_limit_reached,36.65,failure,False,stuck_retry_limit_reached,17.42
54,4,med2-med2,twohop_multi_00395,/scratch/tdn39/real_exp/environments/twohop_candidates_v3_multiobject_topology_r1/med2-med2/twohop_multi_00395/env.xml,/scratch/tdn39/real_exp/results/twohop_v3_multiobject/topology_r1/exact_labels_v2_100_margin_0p1cm_v1/med2-med2/k1/shards/task_0004/xmls/twohop_candidates_v3_multiobject_topology_r1__med2-med2__twohop_multi_00395__env.xml,,ok,valid,scene_timeout,invalid,incomplete,incomplete,not_computed,,,,,,ignore_only_succeeded,69,"[41.0,64.0]",41.0,64.0,"[16.0,9.0]",16.0,9.0,0.0,--goal 41.0 64.0,1push,16,8,0.5,easy,16,8,4,12,0.5,0.75,easy,easy,one_push,False,True,,,,,,,,,,,,,,,,,True,success,True,,1.26,failure,False,stuck_retry_limit_reached,12.76
55,5,med2-med2,twohop_multi_00430,/scratch/tdn39/real_exp/environments/twohop_candidates_v3_multiobject_topology_r1/med2-med2/twohop_multi_00430/env.xml,/scratch/tdn39/real_exp/results/twohop_v3_multiobject/topology_r1/exact_labels_v2_100_margin_0p1cm_v1/med2-med2/k1/shards/task_0005/xmls/twohop_candidates_v3_multiobject_topology_r1__med2-med2__twohop_multi_00430__env.xml,,ok,valid,scene_timeout,invalid,incomplete,incomplete,not_computed,,,,,,both_failed,72,"[8.0,64.0]",8.0,64.0,"[16.0,9.0]",16.0,9.0,0.0,--goal 8.0 64.0,hmax2,48,37,0.7708333333333334,easy,48,0,37,37,0.0,0.7708333333333334,unsolvable,easy,needs_2_chain,False,True,,,,,,,,,,,,,,,,,False,failure,False,stuck_retry_limit_reached,47.44,failure,False,stuck_retry_limit_reached,46.66
56,6,med2-med2,twohop_multi_00413,/scratch/tdn39/real_exp/environments/twohop_candidates_v3_multiobject_topology_r1/med2-med2/twohop_multi_00413/env.xml,/scratch/tdn39/real_exp/results/twohop_v3_multiobject/topology_r1/exact_labels_v2_100_margin_0p1cm_v1/med2-med2/k1/shards/task_0006/xmls/twohop_candidates_v3_multiobject_topology_r1__med2-med2__twohop_multi_00413__env.xml,,ok,valid,no_kh1_opener,invalid,incomplete,incomplete,not_computed,,,,,,both_failed,71,"[8.0,70.0]",8.0,70.0,"[24.5,9.0]",24.5,9.0,0.0,--goal 8.0 70.0,1push,21,4,0.19047619047619047,med,21,4,2,6,0.19047619047619047,0.2857142857142857,med,med,one_push,False,True,,,,,,,,,,,,,,,,,False,failure,False,stuck_retry_limit_reached,37.21,failure,False,simulation_harness_tick_limit_reached,41.29
57,7,med2-med2,twohop_multi_00284,/scratch/tdn39/real_exp/environments/twohop_candidates_v3_multiobject_topology_r1/med2-med2/twohop_multi_00284/env.xml,/scratch/tdn39/real_exp/results/twohop_v3_multiobject/topology_r1/exact_labels_v2_100_margin_0p1cm_v1/med2-med2/k1/shards/task_0007/xmls/twohop_candidates_v3_multiobject_topology_r1__med2-med2__twohop_multi_00284__env.xml,/scratch/tdn39/real_exp/results/twohop_v3_multiobject/topology_r1/exact_labels_v2_100_margin_0p1cm_v1/med2-med2/k2/shards/task_0007/xmls/twohop_candidates_v3_multiobject_topology_r1__med2-med2__twohop_multi_00284__env.xml,ok,valid,ok,valid,valid,other,passed,,0.0,0.0,0.1682,0.0356,both_failed,62,"[24.5,64.0]",24.5,64.0,"[16.0,9.0]",16.0,9.0,0.0,--goal 24.5 64.0,hmax2,48,37,0.7708333333333334,easy,48,0,37,37,0.0,0.7708333333333334,unsolvable,easy,needs_2_chain,False,True,hmax2,96,20,0.20833333333333334,med,96,0,20,20,0.0,0.20833333333333334,unsolvable,med,needs_2_chain,False,True,False,failure,False,stuck_retry_limit_reached,44.31,failure,False,stuck_retry_limit_reached,43.83
58,8,med2-med2,twohop_multi_00803,/scratch/tdn39/real_exp/environments/twohop_candidates_v3_multiobject_topology_r1/med2-med2/twohop_multi_00803/env.xml,/scratch/tdn39/real_exp/results/twohop_v3_multiobject/topology_r1/exact_labels_v2_100_margin_0p1cm_v1/med2-med2/k1/shards/task_0008/xmls/twohop_candidates_v3_multiobject_topology_r1__med2-med2__twohop_multi_00803__env.xml,,ok,valid,no_kh1_opener,invalid,incomplete,incomplete,not_computed,,,,,,both_succeeded,90,"[24.5,64.0]",24.5,64.0,"[8.0,9.0]",8.0,9.0,0.0,--goal 24.5 64.0,1push,59,6,0.1016949152542373,med,59,6,5,11,0.1016949152542373,0.1864406779661017,med,med,one_push,False,True,hmax2,50,0,0.0,unsolvable,50,0,0,0,0.0,0.0,unsolvable,unsolvable,unsolvable,False,True,True,success,True,,1.25,success,True,,1.42
59,9,med2-med2,twohop_multi_00101,/scratch/tdn39/real_exp/environments/twohop_candidates_v3_multiobject_topology_r1/med2-med2/twohop_multi_00101/env.xml,/scratch/tdn39/real_exp/results/twohop_v3_multiobject/topology_r1/exact_labels_v2_100_margin_0p1cm_v1/med2-med2/k1/shards/task_0009/xmls/twohop_candidates_v3_multiobject_topology_r1__med2-med2__twohop_multi_00101__env.xml,/scratch/tdn39/real_exp/results/twohop_v3_multiobject/topology_r1/exact_labels_v2_100_margin_0p1cm_v1/med2-med2/k2/shards/task_0009/xmls/twohop_candidates_v3_multiobject_topology_r1__med2-med2__twohop_multi_00101__env.xml,ok,valid,ok,valid,valid,other,passed,,0.0,0.0,0.0,0.0,both_succeeded,55,"[24.5,64.0]",24.5,64.0,"[16.0,9.0]",16.0,9.0,0.0,--goal 24.5 64.0,1push,44,29,0.6590909090909091,easy,44,29,9,38,0.6590909090909091,0.8636363636363636,easy,easy,one_push,False,True,hmax2,52,5,0.09615384615384616,med,52,0,5,5,0.0,0.09615384615384616,unsolvable,med,needs_2_chain,False,True,True,success,True,,1.65,success,True,,1.76
60,10,med2-med2,twohop_multi_00897,/scratch/tdn39/real_exp/environments/twohop_candidates_v3_multiobject_topology_r1/med2-med2/twohop_multi_00897/env.xml,/scratch/tdn39/real_exp/results/twohop_v3_multiobject/topology_r1/exact_labels_v2_100_margin_0p1cm_v1/med2-med2/k1/shards/task_0010/xmls/twohop_candidates_v3_multiobject_topology_r1__med2-med2__twohop_multi_00897__env.xml,,ok,valid,scene_timeout,invalid,incomplete,incomplete,not_computed,,,,,,both_succeeded,95,"[33.0,64.0]",33.0,64.0,"[8.0,9.0]",8.0,9.0,0.0,--goal 33.0 64.0,1push,60,16,0.26666666666666666,med,60,16,32,48,0.26666666666666666,0.8,med,easy,one_push,False,True,,,,,,,,,,,,,,,,,True,success,True,,1.25,success,True,,1.74
61,11,med2-med2,twohop_multi_00532,/scratch/tdn39/real_exp/environments/twohop_candidates_v3_multiobject_topology_r1/med2-med2/twohop_multi_00532/env.xml,/scratch/tdn39/real_exp/results/twohop_v3_multiobject/topology_r1/exact_labels_v2_100_margin_0p1cm_v1/med2-med2/k1/shards/task_0011/xmls/twohop_candidates_v3_multiobject_topology_r1__med2-med2__twohop_multi_00532__env.xml,,ok,valid,scene_timeout,invalid,incomplete,incomplete,not_computed,,,,,,both_failed,80,"[33.0,64.0]",33.0,64.0,"[16.0,9.0]",16.0,9.0,0.0,--goal 33.0 64.0,1push,23,15,0.6521739130434783,easy,23,15,4,19,0.6521739130434783,0.8260869565217391,easy,easy,one_push,False,True,,,,,,,,,,,,,,,,,False,failure,False,stuck_retry_limit_reached,26.23,failure,False,stuck_retry_limit_reached,24.84
62,12,med2-med2,twohop_multi_00025,/scratch/tdn39/real_exp/environments/twohop_candidates_v3_multiobject_topology_r1/med2-med2/twohop_multi_00025/env.xml,/scratch/tdn39/real_exp/results/twohop_v3_multiobject/topology_r1/exact_labels_v2_100_margin_0p1cm_v1/med2-med2/k1/shards/task_0012/xmls/twohop_candidates_v3_multiobject_topology_r1__med2-med2__twohop_multi_00025__env.xml,,ok,valid,scene_timeout,invalid,incomplete,incomplete,not_computed,,,,,,both_failed,51,"[24.5,64.0]",24.5,64.0,"[16.0,9.0]",16.0,9.0,0.0,--goal 24.5 64.0,1push,53,11,0.20754716981132076,med,53,11,0,11,0.20754716981132076,0.20754716981132076,med,med,one_push,False,True,,,,,,,,,,,,,,,,,False,failure,False,stuck_retry_limit_reached,26.66,failure,False,stuck_retry_limit_reached,17.01
63,13,med2-med2,twohop_multi_00087,/scratch/tdn39/real_exp/environments/twohop_candidates_v3_multiobject_topology_r1/med2-med2/twohop_multi_00087/env.xml,/scratch/tdn39/real_exp/results/twohop_v3_multiobject/topology_r1/exact_labels_v2_100_margin_0p1cm_v1/med2-med2/k1/shards/task_0013/xmls/twohop_candidates_v3_multiobject_topology_r1__med2-med2__twohop_multi_00087__env.xml,,ok,invalid,missing,missing,incomplete,incomplete,not_computed,,,,,,ignore_only_succeeded,53,"[24.5,64.0]",24.5,64.0,"[24.5,9.0]",24.5,9.0,0.0,--goal 24.5 64.0,1push,67,2,0.029850746268656716,hard,67,2,9,11,0.029850746268656716,0.16417910447761194,hard,med,one_push,False,True,,,,,,,,,,,,,,,,,True,success,True,,1.34,failure,False,stuck_retry_limit_reached,17.3
64,14,med2-med2,twohop_multi_00217,/scratch/tdn39/real_exp/environments/twohop_candidates_v3_multiobject_topology_r1/med2-med2/twohop_multi_00217/env.xml,/scratch/tdn39/real_exp/results/twohop_v3_multiobject/topology_r1/exact_labels_v2_100_margin_0p1cm_v1/med2-med2/k1/shards/task_0014/xmls/twohop_candidates_v3_multiobject_topology_r1__med2-med2__twohop_multi_00217__env.xml,,ok,valid,scene_timeout,invalid,incomplete,incomplete,not_computed,,,,,,both_failed,58,"[24.5,64.0]",24.5,64.0,"[16.0,9.0]",16.0,9.0,0.0,--goal 24.5 64.0,hmax2,53,3,0.05660377358490566,med,53,0,3,3,0.0,0.05660377358490566,unsolvable,med,needs_2_chain,False,True,,,,,,,,,,,,,,,,,False,failure,False,stuck_retry_limit_reached,42.24,failure,False,stuck_retry_limit_reached,42.17
65,15,med2-med2,twohop_multi_00293,/scratch/tdn39/real_exp/environments/twohop_candidates_v3_multiobject_topology_r1/med2-med2/twohop_multi_00293/env.xml,/scratch/tdn39/real_exp/results/twohop_v3_multiobject/topology_r1/exact_labels_v2_100_margin_0p1cm_v1/med2-med2/k1/shards/task_0015/xmls/twohop_candidates_v3_multiobject_topology_r1__med2-med2__twohop_multi_00293__env.xml,/scratch/tdn39/real_exp/results/twohop_v3_multiobject/topology_r1/exact_labels_v2_100_margin_0p1cm_v1/med2-med2/k2/shards/task_0014/xmls/twohop_candidates_v3_multiobject_topology_r1__med2-med2__twohop_multi_00293__env.xml,ok,valid,ok,valid,valid,other,passed,,0.0,0.0,0.008,0.0038,penalise_only_succeeded,63,"[24.5,64.0]",24.5,64.0,"[8.0,9.0]",8.0,9.0,0.0,--goal 24.5 64.0,1push,102,1,0.00980392156862745,hard,102,1,27,28,0.00980392156862745,0.27450980392156865,hard,med,one_push,False,True,hmax2,54,3,0.05555555555555555,med,54,0,3,3,0.0,0.05555555555555555,unsolvable,med,needs_2_chain,False,True,True,failure,False,stuck_retry_limit_reached,6.07,success,True,,3.93
66,16,med2-med2,twohop_multi_00001,/scratch/tdn39/real_exp/environments/twohop_candidates_v3_multiobject_topology_r1/med2-med2/twohop_multi_00001/env.xml,/scratch/tdn39/real_exp/results/twohop_v3_multiobject/topology_r1/exact_labels_v2_100_margin_0p1cm_v1/med2-med2/k1/shards/task_0016/xmls/twohop_candidates_v3_multiobject_topology_r1__med2-med2__twohop_multi_00001__env.xml,,ok,invalid,missing,missing,incomplete,incomplete,not_computed,,,,,,ignore_only_succeeded,50,"[41.0,66.0]",41.0,66.0,"[24.5,9.0]",24.5,9.0,0.0,--goal 41.0 66.0,1push,67,2,0.029850746268656716,hard,67,2,9,11,0.029850746268656716,0.16417910447761194,hard,med,one_push,False,True,,,,,,,,,,,,,,,,,True,success,True,,1.53,failure,False,stuck_retry_limit_reached,5.67
67,17,med2-med2,twohop_multi_00612,/scratch/tdn39/real_exp/environments/twohop_candidates_v3_multiobject_topology_r1/med2-med2/twohop_multi_00612/env.xml,/scratch/tdn39/real_exp/results/twohop_v3_multiobject/topology_r1/exact_labels_v2_100_margin_0p1cm_v1/med2-med2/k1/shards/task_0017/xmls/twohop_candidates_v3_multiobject_topology_r1__med2-med2__twohop_multi_00612__env.xml,,ok,valid,scene_timeout,invalid,incomplete,incomplete,not_computed,,,,,,penalise_only_succeeded,84,"[8.0,64.0]",8.0,64.0,"[16.0,9.0]",16.0,9.0,0.0,--goal 8.0 64.0,1push,16,8,0.5,easy,16,8,3,11,0.5,0.6875,easy,easy,one_push,False,True,,,,,,,,,,,,,,,,,True,failure,False,stuck_retry_limit_reached,42.43,success,True,,0.72
68,18,med2-med2,twohop_multi_00431,/scratch/tdn39/real_exp/environments/twohop_candidates_v3_multiobject_topology_r1/med2-med2/twohop_multi_00431/env.xml,/scratch/tdn39/real_exp/results/twohop_v3_multiobject/topology_r1/exact_labels_v2_100_margin_0p1cm_v1/med2-med2/k1/shards/task_0018/xmls/twohop_candidates_v3_multiobject_topology_r1__med2-med2__twohop_multi_00431__env.xml,,ok,valid,no_kh1_opener,invalid,incomplete,incomplete,not_computed,,,,,,both_failed,73,"[8.0,64.0]",8.0,64.0,"[8.0,9.0]",8.0,9.0,0.0,--goal 8.0 64.0,hmax2,58,38,0.6551724137931034,easy,58,0,38,38,0.0,0.6551724137931034,unsolvable,easy,needs_2_chain,False,True,hmax2,54,0,0.0,unsolvable,54,0,0,0,0.0,0.0,unsolvable,unsolvable,unsolvable,False,True,False,failure,False,stuck_retry_limit_reached,19.87,failure,False,stuck_retry_limit_reached,19.21
69,19,med2-med2,twohop_multi_00174,/scratch/tdn39/real_exp/environments/twohop_candidates_v3_multiobject_topology_r1/med2-med2/twohop_multi_00174/env.xml,/scratch/tdn39/real_exp/results/twohop_v3_multiobject/topology_r1/exact_labels_v2_100_margin_0p1cm_v1/med2-med2/k1/shards/task_0019/xmls/twohop_candidates_v3_multiobject_topology_r1__med2-med2__twohop_multi_00174__env.xml,/scratch/tdn39/real_exp/results/twohop_v3_multiobject/topology_r1/exact_labels_v2_100_margin_0p1cm_v1/med2-med2/k2/shards/task_0017/xmls/twohop_candidates_v3_multiobject_topology_r1__med2-med2__twohop_multi_00174__env.xml,ok,valid,ok,valid,valid,other,passed,,0.0,0.0,0.0049,0.0033,penalise_only_succeeded,57,"[8.0,64.0]",8.0,64.0,"[8.0,9.0]",8.0,9.0,0.0,--goal 8.0 64.0,1push,92,20,0.21739130434782608,med,92,20,5,25,0.21739130434782608,0.2717391304347826,med,med,one_push,False,True,hmax2,101,13,0.12871287128712872,med,101,0,13,13,0.0,0.12871287128712872,unsolvable,med,needs_2_chain,False,True,True,failure,False,stuck_retry_limit_reached,24.72,success,True,,1.5
70,20,med2-med2,twohop_multi_00760,/scratch/tdn39/real_exp/environments/twohop_candidates_v3_multiobject_topology_r1/med2-med2/twohop_multi_00760/env.xml,/scratch/tdn39/real_exp/results/twohop_v3_multiobject/topology_r1/exact_labels_v2_100_margin_0p1cm_v1/med2-med2/k1/shards/task_0020/xmls/twohop_candidates_v3_multiobject_topology_r1__med2-med2__twohop_multi_00760__env.xml,/scratch/tdn39/real_exp/results/twohop_v3_multiobject/topology_r1/exact_labels_v2_100_margin_0p1cm_v1/med2-med2/k2/shards/task_0018/xmls/twohop_candidates_v3_multiobject_topology_r1__med2-med2__twohop_multi_00760__env.xml,ok,valid,ok,valid,valid,other,passed,,0.0,0.0,0.0,0.0,both_failed,88,"[8.0,64.0]",8.0,64.0,"[8.0,9.0]",8.0,9.0,0.0,--goal 8.0 64.0,1push,60,16,0.26666666666666666,med,60,16,32,48,0.26666666666666666,0.8,med,easy,one_push,False,True,hmax2,51,4,0.0784313725490196,med,51,0,4,4,0.0,0.0784313725490196,unsolvable,med,needs_2_chain,False,True,False,failure,False,stuck_retry_limit_reached,30.43,failure,False,timed_out_short_of_goal,26.36
71,21,med2-med2,twohop_multi_00540,/scratch/tdn39/real_exp/environments/twohop_candidates_v3_multiobject_topology_r1/med2-med2/twohop_multi_00540/env.xml,,,no_opener_decrements_hop,invalid,missing,missing,incomplete,incomplete,not_computed,,,,,,both_failed,81,"[8.0,68.0]",8.0,68.0,"[33.0,9.0]",33.0,9.0,0.0,--goal 8.0 68.0,1push,43,7,0.16279069767441862,med,43,7,32,39,0.16279069767441862,0.9069767441860465,med,easy,one_push,False,True,,,,,,,,,,,,,,,,,False,failure,False,stuck_retry_limit_reached,33.98,failure,False,stuck_retry_limit_reached,34.23
72,22,med2-med2,twohop_multi_00851,/scratch/tdn39/real_exp/environments/twohop_candidates_v3_multiobject_topology_r1/med2-med2/twohop_multi_00851/env.xml,/scratch/tdn39/real_exp/results/twohop_v3_multiobject/topology_r1/exact_labels_v2_100_margin_0p1cm_v1/med2-med2/k1/shards/task_0022/xmls/twohop_candidates_v3_multiobject_topology_r1__med2-med2__twohop_multi_00851__env.xml,/scratch/tdn39/real_exp/results/twohop_v3_multiobject/topology_r1/exact_labels_v2_100_margin_0p1cm_v1/med2-med2/k2/shards/task_0019/xmls/twohop_candidates_v3_multiobject_topology_r1__med2-med2__twohop_multi_00851__env.xml,ok,valid,ok,valid,valid,other,passed,,0.0,0.0,0.0144,0.0125,both_succeeded,93,"[24.5,64.0]",24.5,64.0,"[8.0,9.0]",8.0,9.0,0.0,--goal 24.5 64.0,hmax2,58,38,0.6551724137931034,easy,58,0,38,38,0.0,0.6551724137931034,unsolvable,easy,needs_2_chain,False,True,hmax2,55,9,0.16363636363636364,med,55,0,9,9,0.0,0.16363636363636364,unsolvable,med,needs_2_chain,False,True,True,success,True,,1.12,success,True,,1.09
73,23,med2-med2,twohop_multi_00972,/scratch/tdn39/real_exp/environments/twohop_candidates_v3_multiobject_topology_r1/med2-med2/twohop_multi_00972/env.xml,/scratch/tdn39/real_exp/results/twohop_v3_multiobject/topology_r1/exact_labels_v2_100_margin_0p1cm_v1/med2-med2/k1/shards/task_0023/xmls/twohop_candidates_v3_multiobject_topology_r1__med2-med2__twohop_multi_00972__env.xml,,ok,valid,scene_timeout,invalid,incomplete,incomplete,not_computed,,,,,,both_failed,98,"[8.0,64.0]",8.0,64.0,"[8.0,9.0]",8.0,9.0,0.0,--goal 8.0 64.0,hmax2,52,20,0.38461538461538464,easy,52,0,20,20,0.0,0.38461538461538464,unsolvable,easy,needs_2_chain,False,True,,,,,,,,,,,,,,,,,False,failure,False,simulation_harness_tick_limit_reached,44.45,failure,False,stuck_retry_limit_reached,27.01
74,24,med2-med2,twohop_multi_00651,/scratch/tdn39/real_exp/environments/twohop_candidates_v3_multiobject_topology_r1/med2-med2/twohop_multi_00651/env.xml,/scratch/tdn39/real_exp/results/twohop_v3_multiobject/topology_r1/exact_labels_v2_100_margin_0p1cm_v1/med2-med2/k1/shards/task_0024/xmls/twohop_candidates_v3_multiobject_topology_r1__med2-med2__twohop_multi_00651__env.xml,/scratch/tdn39/real_exp/results/twohop_v3_multiobject/topology_r1/exact_labels_v2_100_margin_0p1cm_v1/med2-med2/k2/shards/task_0021/xmls/twohop_candidates_v3_multiobject_topology_r1__med2-med2__twohop_multi_00651__env.xml,ok,valid,ok,valid,valid,other,passed,,0.0,0.0,0.0,0.0,both_succeeded,85,"[24.5,64.0]",24.5,64.0,"[16.0,9.0]",16.0,9.0,0.0,--goal 24.5 64.0,1push,44,29,0.6590909090909091,easy,44,29,9,38,0.6590909090909091,0.8636363636363636,easy,easy,one_push,False,True,hmax2,50,8,0.16,med,50,0,8,8,0.0,0.16,unsolvable,med,needs_2_chain,False,True,True,success,True,,1.59,success,True,,3.71
75,25,med2-med2,twohop_multi_00563,/scratch/tdn39/real_exp/environments/twohop_candidates_v3_multiobject_topology_r1/med2-med2/twohop_multi_00563/env.xml,/scratch/tdn39/real_exp/results/twohop_v3_multiobject/topology_r1/exact_labels_v2_100_margin_0p1cm_v1/med2-med2/k1/shards/task_0025/xmls/twohop_candidates_v3_multiobject_topology_r1__med2-med2__twohop_multi_00563__env.xml,,ok,valid,no_kh1_opener,invalid,incomplete,incomplete,not_computed,,,,,,both_failed,82,"[41.0,66.0]",41.0,66.0,"[24.5,9.0]",24.5,9.0,0.0,--goal 41.0 66.0,1push,21,4,0.19047619047619047,med,21,4,2,6,0.19047619047619047,0.2857142857142857,med,med,one_push,False,True,,,,,,,,,,,,,,,,,False,failure,False,stuck_retry_limit_reached,39.81,failure,False,simulation_harness_tick_limit_reached,41.66
76,26,med2-med2,twohop_multi_00092,/scratch/tdn39/real_exp/environments/twohop_candidates_v3_multiobject_topology_r1/med2-med2/twohop_multi_00092/env.xml,/scratch/tdn39/real_exp/results/twohop_v3_multiobject/topology_r1/exact_labels_v2_100_margin_0p1cm_v1/med2-med2/k1/shards/task_0026/xmls/twohop_candidates_v3_multiobject_topology_r1__med2-med2__twohop_multi_00092__env.xml,/scratch/tdn39/real_exp/results/twohop_v3_multiobject/topology_r1/exact_labels_v2_100_margin_0p1cm_v1/med2-med2/k2/shards/task_0023/xmls/twohop_candidates_v3_multiobject_topology_r1__med2-med2__twohop_multi_00092__env.xml,ok,valid,ok,valid,valid,other,passed,,0.0,0.0,0.0755,0.0187,both_failed,54,"[8.0,68.0]",8.0,68.0,"[16.0,9.0]",16.0,9.0,0.0,--goal 8.0 68.0,1push,16,8,0.5,easy,16,8,4,12,0.5,0.75,easy,easy,one_push,False,True,hmax2,84,11,0.13095238095238096,med,84,0,11,11,0.0,0.13095238095238096,unsolvable,med,needs_2_chain,False,True,False,failure,False,stuck_retry_limit_reached,9.01,failure,False,stuck_retry_limit_reached,27.29
77,27,med2-med2,twohop_multi_00033,/scratch/tdn39/real_exp/environments/twohop_candidates_v3_multiobject_topology_r1/med2-med2/twohop_multi_00033/env.xml,/scratch/tdn39/real_exp/results/twohop_v3_multiobject/topology_r1/exact_labels_v2_100_margin_0p1cm_v1/med2-med2/k1/shards/task_0027/xmls/twohop_candidates_v3_multiobject_topology_r1__med2-med2__twohop_multi_00033__env.xml,,ok,valid,no_kh1_opener,invalid,incomplete,incomplete,not_computed,,,,,,both_failed,52,"[24.5,64.0]",24.5,64.0,"[24.5,9.0]",24.5,9.0,0.0,--goal 24.5 64.0,1push,21,4,0.19047619047619047,med,21,4,2,6,0.19047619047619047,0.2857142857142857,med,med,one_push,False,True,,,,,,,,,,,,,,,,,False,failure,False,stuck_retry_limit_reached,35.13,failure,False,simulation_harness_tick_limit_reached,34.03
78,28,med2-med2,twohop_multi_00385,/scratch/tdn39/real_exp/environments/twohop_candidates_v3_multiobject_topology_r1/med2-med2/twohop_multi_00385/env.xml,/scratch/tdn39/real_exp/results/twohop_v3_multiobject/topology_r1/exact_labels_v2_100_margin_0p1cm_v1/med2-med2/k1/shards/task_0028/xmls/twohop_candidates_v3_multiobject_topology_r1__med2-med2__twohop_multi_00385__env.xml,/scratch/tdn39/real_exp/results/twohop_v3_multiobject/topology_r1/exact_labels_v2_100_margin_0p1cm_v1/med2-med2/k2/shards/task_0025/xmls/twohop_candidates_v3_multiobject_topology_r1__med2-med2__twohop_multi_00385__env.xml,ok,valid,ok,valid,valid,other,passed,,0.0,0.0,0.0311,0.0109,both_failed,66,"[24.5,68.0]",24.5,68.0,"[8.0,9.0]",8.0,9.0,0.0,--goal 24.5 68.0,hmax2,52,20,0.38461538461538464,easy,52,0,20,20,0.0,0.38461538461538464,unsolvable,easy,needs_2_chain,False,True,hmax2,33,10,0.30303030303030304,easy,33,0,10,10,0.0,0.30303030303030304,unsolvable,easy,needs_2_chain,False,True,False,failure,False,simulation_harness_tick_limit_reached,47.47,failure,False,stuck_retry_limit_reached,14.03
79,29,med2-med2,twohop_multi_00817,/scratch/tdn39/real_exp/environments/twohop_candidates_v3_multiobject_topology_r1/med2-med2/twohop_multi_00817/env.xml,/scratch/tdn39/real_exp/results/twohop_v3_multiobject/topology_r1/exact_labels_v2_100_margin_0p1cm_v1/med2-med2/k1/shards/task_0029/xmls/twohop_candidates_v3_multiobject_topology_r1__med2-med2__twohop_multi_00817__env.xml,,ok,valid,scene_timeout,invalid,incomplete,incomplete,not_computed,,,,,,both_succeeded,91,"[8.0,64.0]",8.0,64.0,"[16.0,9.0]",16.0,9.0,0.0,--goal 8.0 64.0,1push,53,11,0.20754716981132076,med,53,11,0,11,0.20754716981132076,0.20754716981132076,med,med,one_push,False,True,,,,,,,,,,,,,,,,,True,success,True,,1.63,success,True,,1.12
80,30,med2-med2,twohop_multi_00529,/scratch/tdn39/real_exp/environments/twohop_candidates_v3_multiobject_topology_r1/med2-med2/twohop_multi_00529/env.xml,/scratch/tdn39/real_exp/results/twohop_v3_multiobject/topology_r1/exact_labels_v2_100_margin_0p1cm_v1/med2-med2/k1/shards/task_0030/xmls/twohop_candidates_v3_multiobject_topology_r1__med2-med2__twohop_multi_00529__env.xml,,ok,valid,no_kh1_opener,invalid,incomplete,incomplete,not_computed,,,,,,both_failed,79,"[8.0,64.0]",8.0,64.0,"[8.0,9.0]",8.0,9.0,0.0,--goal 8.0 64.0,1push,59,6,0.1016949152542373,med,59,6,5,11,0.1016949152542373,0.1864406779661017,med,med,one_push,False,True,hmax2,32,0,0.0,unsolvable,32,0,0,0,0.0,0.0,unsolvable,unsolvable,unsolvable,False,True,False,failure,False,stuck_retry_limit_reached,18.85,failure,False,stuck_retry_limit_reached,17.92
81,31,med2-med2,twohop_multi_00452,/scratch/tdn39/real_exp/environments/twohop_candidates_v3_multiobject_topology_r1/med2-med2/twohop_multi_00452/env.xml,/scratch/tdn39/real_exp/results/twohop_v3_multiobject/topology_r1/exact_labels_v2_100_margin_0p1cm_v1/med2-med2/k1/shards/task_0031/xmls/twohop_candidates_v3_multiobject_topology_r1__med2-med2__twohop_multi_00452__env.xml,,ok,valid,no_kh1_opener,invalid,incomplete,incomplete,not_computed,,,,,,both_failed,74,"[8.0,70.0]",8.0,70.0,"[8.0,9.0]",8.0,9.0,0.0,--goal 8.0 70.0,hmax2,46,16,0.34782608695652173,easy,46,0,16,16,0.0,0.34782608695652173,unsolvable,easy,needs_2_chain,False,True,hmax2,4,0,0.0,unsolvable,4,0,0,0,0.0,0.0,unsolvable,unsolvable,unsolvable,False,True,False,failure,False,stuck_retry_limit_reached,9.22,failure,False,stuck_retry_limit_reached,5.19
82,32,med2-med2,twohop_multi_00787,/scratch/tdn39/real_exp/environments/twohop_candidates_v3_multiobject_topology_r1/med2-med2/twohop_multi_00787/env.xml,/scratch/tdn39/real_exp/results/twohop_v3_multiobject/topology_r1/exact_labels_v2_100_margin_0p1cm_v1/med2-med2/k1/shards/task_0032/xmls/twohop_candidates_v3_multiobject_topology_r1__med2-med2__twohop_multi_00787__env.xml,,ok,valid,scene_timeout,invalid,incomplete,incomplete,not_computed,,,,,,both_failed,89,"[24.5,64.0]",24.5,64.0,"[16.0,9.0]",16.0,9.0,0.0,--goal 24.5 64.0,1push,53,11,0.20754716981132076,med,53,11,0,11,0.20754716981132076,0.20754716981132076,med,med,one_push,False,True,,,,,,,,,,,,,,,,,False,failure,False,stuck_retry_limit_reached,20.8,failure,False,stuck_retry_limit_reached,18.06
83,33,med2-med2,twohop_multi_00140,/scratch/tdn39/real_exp/environments/twohop_candidates_v3_multiobject_topology_r1/med2-med2/twohop_multi_00140/env.xml,/scratch/tdn39/real_exp/results/twohop_v3_multiobject/topology_r1/exact_labels_v2_100_margin_0p1cm_v1/med2-med2/k1/shards/task_0033/xmls/twohop_candidates_v3_multiobject_topology_r1__med2-med2__twohop_multi_00140__env.xml,,ok,valid,scene_timeout,invalid,incomplete,incomplete,not_computed,,,,,,both_failed,56,"[8.0,64.0]",8.0,64.0,"[8.0,9.0]",8.0,9.0,0.0,--goal 8.0 64.0,1push,60,15,0.25,med,60,15,32,47,0.25,0.7833333333333333,med,easy,one_push,False,True,,,,,,,,,,,,,,,,,False,failure,False,stuck_retry_limit_reached,41.74,failure,False,stuck_retry_limit_reached,42.11
84,34,med2-med2,twohop_multi_00456,/scratch/tdn39/real_exp/environments/twohop_candidates_v3_multiobject_topology_r1/med2-med2/twohop_multi_00456/env.xml,/scratch/tdn39/real_exp/results/twohop_v3_multiobject/topology_r1/exact_labels_v2_100_margin_0p1cm_v1/med2-med2/k1/shards/task_0034/xmls/twohop_candidates_v3_multiobject_topology_r1__med2-med2__twohop_multi_00456__env.xml,/scratch/tdn39/real_exp/results/twohop_v3_multiobject/topology_r1/exact_labels_v2_100_margin_0p1cm_v1/med2-med2/k2/shards/task_0031/xmls/twohop_candidates_v3_multiobject_topology_r1__med2-med2__twohop_multi_00456__env.xml,ok,valid,ok,valid,valid,other,passed,,0.0,0.0,0.0546,0.0371,both_failed,76,"[24.5,70.0]",24.5,70.0,"[8.0,9.0]",8.0,9.0,0.0,--goal 24.5 70.0,1push,91,13,0.14285714285714285,med,91,13,2,15,0.14285714285714285,0.16483516483516483,med,med,one_push,False,True,hmax2,90,9,0.1,med,90,0,9,9,0.0,0.1,unsolvable,med,needs_2_chain,False,True,False,failure,False,stuck_retry_limit_reached,12.92,failure,False,stuck_retry_limit_reached,5.08
85,35,med2-med2,twohop_multi_00236,/scratch/tdn39/real_exp/environments/twohop_candidates_v3_multiobject_topology_r1/med2-med2/twohop_multi_00236/env.xml,/scratch/tdn39/real_exp/results/twohop_v3_multiobject/topology_r1/exact_labels_v2_100_margin_0p1cm_v1/med2-med2/k1/shards/task_0035/xmls/twohop_candidates_v3_multiobject_topology_r1__med2-med2__twohop_multi_00236__env.xml,/scratch/tdn39/real_exp/results/twohop_v3_multiobject/topology_r1/exact_labels_v2_100_margin_0p1cm_v1/med2-med2/k2/shards/task_0032/xmls/twohop_candidates_v3_multiobject_topology_r1__med2-med2__twohop_multi_00236__env.xml,ok,valid,ok,valid,valid,other,passed,,0.0,0.0,0.0249,0.0307,both_failed,60,"[24.5,64.0]",24.5,64.0,"[8.0,9.0]",8.0,9.0,0.0,--goal 24.5 64.0,1push,58,23,0.39655172413793105,easy,58,23,0,23,0.39655172413793105,0.39655172413793105,easy,easy,one_push,False,True,hmax2,64,13,0.203125,med,64,0,13,13,0.0,0.203125,unsolvable,med,needs_2_chain,False,True,False,failure,False,stuck_retry_limit_reached,17.97,failure,False,stuck_retry_limit_reached,18.59
86,36,med2-med2,twohop_multi_00234,/scratch/tdn39/real_exp/environments/twohop_candidates_v3_multiobject_topology_r1/med2-med2/twohop_multi_00234/env.xml,/scratch/tdn39/real_exp/results/twohop_v3_multiobject/topology_r1/exact_labels_v2_100_margin_0p1cm_v1/med2-med2/k1/shards/task_0036/xmls/twohop_candidates_v3_multiobject_topology_r1__med2-med2__twohop_multi_00234__env.xml,/scratch/tdn39/real_exp/results/twohop_v3_multiobject/topology_r1/exact_labels_v2_100_margin_0p1cm_v1/med2-med2/k2/shards/task_0033/xmls/twohop_candidates_v3_multiobject_topology_r1__med2-med2__twohop_multi_00234__env.xml,ok,valid,ok,valid,valid,other,passed,,0.0,0.0,0.1121,0.05,penalise_only_succeeded,59,"[8.0,64.0]",8.0,64.0,"[16.0,9.0]",16.0,9.0,0.0,--goal 8.0 64.0,1push,53,11,0.20754716981132076,med,53,11,0,11,0.20754716981132076,0.20754716981132076,med,med,one_push,False,True,hmax2,75,1,0.013333333333333334,hard,75,0,1,1,0.0,0.013333333333333334,unsolvable,hard,needs_2_chain,False,True,True,failure,False,stuck_retry_limit_reached,29.65,success,True,,0.98
87,37,med2-med2,twohop_multi_00933,/scratch/tdn39/real_exp/environments/twohop_candidates_v3_multiobject_topology_r1/med2-med2/twohop_multi_00933/env.xml,/scratch/tdn39/real_exp/results/twohop_v3_multiobject/topology_r1/exact_labels_v2_100_margin_0p1cm_v1/med2-med2/k1/shards/task_0037/xmls/twohop_candidates_v3_multiobject_topology_r1__med2-med2__twohop_multi_00933__env.xml,/scratch/tdn39/real_exp/results/twohop_v3_multiobject/topology_r1/exact_labels_v2_100_margin_0p1cm_v1/med2-med2/k2/shards/task_0034/xmls/twohop_candidates_v3_multiobject_topology_r1__med2-med2__twohop_multi_00933__env.xml,ok,valid,ok,valid,valid,other,passed,,0.0,0.0,0.0311,0.0109,both_failed,97,"[24.5,68.0]",24.5,68.0,"[8.0,9.0]",8.0,9.0,0.0,--goal 24.5 68.0,hmax2,52,20,0.38461538461538464,easy,52,0,20,20,0.0,0.38461538461538464,unsolvable,easy,needs_2_chain,False,True,hmax2,57,13,0.22807017543859648,med,57,0,13,13,0.0,0.22807017543859648,unsolvable,med,needs_2_chain,False,True,False,failure,False,simulation_harness_tick_limit_reached,47.47,failure,False,stuck_retry_limit_reached,7.97
88,38,med2-med2,twohop_multi_00902,/scratch/tdn39/real_exp/environments/twohop_candidates_v3_multiobject_topology_r1/med2-med2/twohop_multi_00902/env.xml,/scratch/tdn39/real_exp/results/twohop_v3_multiobject/topology_r1/exact_labels_v2_100_margin_0p1cm_v1/med2-med2/k1/shards/task_0038/xmls/twohop_candidates_v3_multiobject_topology_r1__med2-med2__twohop_multi_00902__env.xml,,ok,valid,scene_timeout,invalid,incomplete,incomplete,not_computed,,,,,,both_failed,96,"[8.0,64.0]",8.0,64.0,"[41.0,9.0]",41.0,9.0,0.0,--goal 8.0 64.0,hmax2,54,25,0.46296296296296297,easy,54,0,25,25,0.0,0.46296296296296297,unsolvable,easy,needs_2_chain,False,True,,,,,,,,,,,,,,,,,False,failure,False,stuck_retry_limit_reached,17.94,failure,False,simulation_harness_tick_limit_reached,14.04
89,39,med2-med2,twohop_multi_00843,/scratch/tdn39/real_exp/environments/twohop_candidates_v3_multiobject_topology_r1/med2-med2/twohop_multi_00843/env.xml,/scratch/tdn39/real_exp/results/twohop_v3_multiobject/topology_r1/exact_labels_v2_100_margin_0p1cm_v1/med2-med2/k1/shards/task_0039/xmls/twohop_candidates_v3_multiobject_topology_r1__med2-med2__twohop_multi_00843__env.xml,/scratch/tdn39/real_exp/results/twohop_v3_multiobject/topology_r1/exact_labels_v2_100_margin_0p1cm_v1/med2-med2/k2/shards/task_0036/xmls/twohop_candidates_v3_multiobject_topology_r1__med2-med2__twohop_multi_00843__env.xml,ok,valid,ok,valid,valid,other,passed,,0.0,0.0,0.0,0.0,both_failed,92,"[24.5,66.0]",24.5,66.0,"[8.0,9.0]",8.0,9.0,0.0,--goal 24.5 66.0,1push,26,9,0.34615384615384615,easy,26,9,7,16,0.34615384615384615,0.6153846153846154,easy,easy,one_push,False,True,hmax2,50,7,0.14,med,50,0,7,7,0.0,0.14,unsolvable,med,needs_2_chain,False,True,False,failure,False,stuck_retry_limit_reached,15.33,failure,False,stuck_retry_limit_reached,28.52
90,40,med2-med2,twohop_multi_00453,/scratch/tdn39/real_exp/environments/twohop_candidates_v3_multiobject_topology_r1/med2-med2/twohop_multi_00453/env.xml,/scratch/tdn39/real_exp/results/twohop_v3_multiobject/topology_r1/exact_labels_v2_100_margin_0p1cm_v1/med2-med2/k1/shards/task_0040/xmls/twohop_candidates_v3_multiobject_topology_r1__med2-med2__twohop_multi_00453__env.xml,/scratch/tdn39/real_exp/results/twohop_v3_multiobject/topology_r1/exact_labels_v2_100_margin_0p1cm_v1/med2-med2/k2/shards/task_0037/xmls/twohop_candidates_v3_multiobject_topology_r1__med2-med2__twohop_multi_00453__env.xml,ok,valid,ok,valid,valid,other,passed,,0.0,0.0,0.0,0.0,both_failed,75,"[8.0,68.0]",8.0,68.0,"[8.0,9.0]",8.0,9.0,0.0,--goal 8.0 68.0,1push,33,6,0.18181818181818182,med,33,6,8,14,0.18181818181818182,0.42424242424242425,med,easy,one_push,False,True,hmax2,53,2,0.03773584905660377,hard,53,0,2,2,0.0,0.03773584905660377,unsolvable,hard,needs_2_chain,False,True,False,failure,False,simulation_harness_tick_limit_reached,36.86,failure,False,timed_out_short_of_goal,18.81
91,41,med2-med2,twohop_multi_00711,/scratch/tdn39/real_exp/environments/twohop_candidates_v3_multiobject_topology_r1/med2-med2/twohop_multi_00711/env.xml,/scratch/tdn39/real_exp/results/twohop_v3_multiobject/topology_r1/exact_labels_v2_100_margin_0p1cm_v1/med2-med2/k1/shards/task_0041/xmls/twohop_candidates_v3_multiobject_topology_r1__med2-med2__twohop_multi_00711__env.xml,/scratch/tdn39/real_exp/results/twohop_v3_multiobject/topology_r1/exact_labels_v2_100_margin_0p1cm_v1/med2-med2/k2/shards/task_0038/xmls/twohop_candidates_v3_multiobject_topology_r1__med2-med2__twohop_multi_00711__env.xml,ok,valid,ok,valid,valid,other,passed,,0.0,0.0,0.0144,0.0125,both_failed,87,"[24.5,64.0]",24.5,64.0,"[8.0,9.0]",8.0,9.0,0.0,--goal 24.5 64.0,hmax2,58,37,0.6379310344827587,easy,58,0,37,37,0.0,0.6379310344827587,unsolvable,easy,needs_2_chain,False,True,hmax2,38,5,0.13157894736842105,med,38,0,5,5,0.0,0.13157894736842105,unsolvable,med,needs_2_chain,False,True,False,failure,False,simulation_harness_tick_limit_reached,14.82,failure,False,simulation_harness_tick_limit_reached,14.8
92,42,med2-med2,twohop_multi_00353,/scratch/tdn39/real_exp/environments/twohop_candidates_v3_multiobject_topology_r1/med2-med2/twohop_multi_00353/env.xml,/scratch/tdn39/real_exp/results/twohop_v3_multiobject/topology_r1/exact_labels_v2_100_margin_0p1cm_v1/med2-med2/k1/shards/task_0042/xmls/twohop_candidates_v3_multiobject_topology_r1__med2-med2__twohop_multi_00353__env.xml,,ok,valid,scene_timeout,invalid,incomplete,incomplete,not_computed,,,,,,both_failed,65,"[8.0,68.0]",8.0,68.0,"[41.0,9.0]",41.0,9.0,0.0,--goal 8.0 68.0,1push,88,20,0.22727272727272727,med,88,20,5,25,0.22727272727272727,0.2840909090909091,med,med,one_push,False,True,,,,,,,,,,,,,,,,,False,failure,False,stuck_retry_limit_reached,18.58,failure,False,stuck_retry_limit_reached,17.87
93,43,med2-med2,twohop_multi_00868,/scratch/tdn39/real_exp/environments/twohop_candidates_v3_multiobject_topology_r1/med2-med2/twohop_multi_00868/env.xml,/scratch/tdn39/real_exp/results/twohop_v3_multiobject/topology_r1/exact_labels_v2_100_margin_0p1cm_v1/med2-med2/k1/shards/task_0043/xmls/twohop_candidates_v3_multiobject_topology_r1__med2-med2__twohop_multi_00868__env.xml,/scratch/tdn39/real_exp/results/twohop_v3_multiobject/topology_r1/exact_labels_v2_100_margin_0p1cm_v1/med2-med2/k2/shards/task_0040/xmls/twohop_candidates_v3_multiobject_topology_r1__med2-med2__twohop_multi_00868__env.xml,ok,valid,ok,valid,valid,other,passed,,0.0,0.0,0.0018,0.0012,both_succeeded,94,"[24.5,68.0]",24.5,68.0,"[41.0,9.0]",41.0,9.0,0.0,--goal 24.5 68.0,1push,88,20,0.22727272727272727,med,88,20,5,25,0.22727272727272727,0.2840909090909091,med,med,one_push,False,True,hmax2,96,18,0.1875,med,96,0,18,18,0.0,0.1875,unsolvable,med,needs_2_chain,False,True,True,success,True,,3.52,success,True,,3.46
94,44,med2-med2,twohop_multi_00312,/scratch/tdn39/real_exp/environments/twohop_candidates_v3_multiobject_topology_r1/med2-med2/twohop_multi_00312/env.xml,/scratch/tdn39/real_exp/results/twohop_v3_multiobject/topology_r1/exact_labels_v2_100_margin_0p1cm_v1/med2-med2/k1/shards/task_0044/xmls/twohop_candidates_v3_multiobject_topology_r1__med2-med2__twohop_multi_00312__env.xml,,ok,valid,scene_timeout,invalid,incomplete,incomplete,not_computed,,,,,,both_failed,64,"[41.0,64.0]",41.0,64.0,"[8.0,9.0]",8.0,9.0,0.0,--goal 41.0 64.0,1push,58,23,0.39655172413793105,easy,58,23,0,23,0.39655172413793105,0.39655172413793105,easy,easy,one_push,False,True,,,,,,,,,,,,,,,,,False,failure,False,stuck_retry_limit_reached,16.88,failure,False,timed_out_short_of_goal,8.16
95,45,med2-med2,twohop_multi_00673,/scratch/tdn39/real_exp/environments/twohop_candidates_v3_multiobject_topology_r1/med2-med2/twohop_multi_00673/env.xml,/scratch/tdn39/real_exp/results/twohop_v3_multiobject/topology_r1/exact_labels_v2_100_margin_0p1cm_v1/med2-med2/k1/shards/task_0045/xmls/twohop_candidates_v3_multiobject_topology_r1__med2-med2__twohop_multi_00673__env.xml,,ok,valid,scene_timeout,invalid,incomplete,incomplete,not_computed,,,,,,both_failed,86,"[8.0,64.0]",8.0,64.0,"[16.0,9.0]",16.0,9.0,0.0,--goal 8.0 64.0,1push,44,29,0.6590909090909091,easy,44,29,9,38,0.6590909090909091,0.8636363636363636,easy,easy,one_push,False,True,,,,,,,,,,,,,,,,,False,failure,False,stuck_retry_limit_reached,26.54,failure,False,stuck_retry_limit_reached,27.08
96,46,med2-med2,twohop_multi_00998,/scratch/tdn39/real_exp/environments/twohop_candidates_v3_multiobject_topology_r1/med2-med2/twohop_multi_00998/env.xml,/scratch/tdn39/real_exp/results/twohop_v3_multiobject/topology_r1/exact_labels_v2_100_margin_0p1cm_v1/med2-med2/k1/shards/task_0046/xmls/twohop_candidates_v3_multiobject_topology_r1__med2-med2__twohop_multi_00998__env.xml,/scratch/tdn39/real_exp/results/twohop_v3_multiobject/topology_r1/exact_labels_v2_100_margin_0p1cm_v1/med2-med2/k2/shards/task_0043/xmls/twohop_candidates_v3_multiobject_topology_r1__med2-med2__twohop_multi_00998__env.xml,ok,valid,ok,valid,valid,other,passed,,0.0,0.0,0.0249,0.0307,both_failed,99,"[24.5,64.0]",24.5,64.0,"[8.0,9.0]",8.0,9.0,0.0,--goal 24.5 64.0,1push,58,23,0.39655172413793105,easy,58,23,0,23,0.39655172413793105,0.39655172413793105,easy,easy,one_push,False,True,hmax2,56,11,0.19642857142857142,med,56,0,11,11,0.0,0.19642857142857142,unsolvable,med,needs_2_chain,False,True,False,failure,False,stuck_retry_limit_reached,15.18,failure,False,stuck_retry_limit_reached,15.54
97,47,med2-med2,twohop_multi_00574,/scratch/tdn39/real_exp/environments/twohop_candidates_v3_multiobject_topology_r1/med2-med2/twohop_multi_00574/env.xml,/scratch/tdn39/real_exp/results/twohop_v3_multiobject/topology_r1/exact_labels_v2_100_margin_0p1cm_v1/med2-med2/k1/shards/task_0047/xmls/twohop_candidates_v3_multiobject_topology_r1__med2-med2__twohop_multi_00574__env.xml,,ok,valid,scene_timeout,invalid,incomplete,incomplete,not_computed,,,,,,both_succeeded,83,"[41.0,64.0]",41.0,64.0,"[24.5,9.0]",24.5,9.0,0.0,--goal 41.0 64.0,1push,38,22,0.5789473684210527,easy,38,22,0,22,0.5789473684210527,0.5789473684210527,easy,easy,one_push,False,True,,,,,,,,,,,,,,,,,True,success,True,,1.04,success,True,,0.97
98,48,med2-med2,twohop_multi_00396,/scratch/tdn39/real_exp/environments/twohop_candidates_v3_multiobject_topology_r1/med2-med2/twohop_multi_00396/env.xml,/scratch/tdn39/real_exp/results/twohop_v3_multiobject/topology_r1/exact_labels_v2_100_margin_0p1cm_v1/med2-med2/k1/shards/task_0048/xmls/twohop_candidates_v3_multiobject_topology_r1__med2-med2__twohop_multi_00396__env.xml,/scratch/tdn39/real_exp/results/twohop_v3_multiobject/topology_r1/exact_labels_v2_100_margin_0p1cm_v1/med2-med2/k2/shards/task_0045/xmls/twohop_candidates_v3_multiobject_topology_r1__med2-med2__twohop_multi_00396__env.xml,ok,valid,ok,valid,valid,other,passed,,0.0,0.0,0.0,0.0,ignore_only_succeeded,70,"[8.0,64.0]",8.0,64.0,"[24.5,9.0]",24.5,9.0,0.0,--goal 8.0 64.0,1push,38,22,0.5789473684210527,easy,38,22,0,22,0.5789473684210527,0.5789473684210527,easy,easy,one_push,False,True,hmax2,84,6,0.07142857142857142,med,84,0,6,6,0.0,0.07142857142857142,unsolvable,med,needs_2_chain,False,True,True,success,True,,4.52,failure,False,simulation_harness_tick_limit_reached,6.21
99,49,med2-med2,twohop_multi_00493,/scratch/tdn39/real_exp/environments/twohop_candidates_v3_multiobject_topology_r1/med2-med2/twohop_multi_00493/env.xml,/scratch/tdn39/real_exp/results/twohop_v3_multiobject/topology_r1/exact_labels_v2_100_margin_0p1cm_v1/med2-med2/k1/shards/task_0049/xmls/twohop_candidates_v3_multiobject_topology_r1__med2-med2__twohop_multi_00493__env.xml,/scratch/tdn39/real_exp/results/twohop_v3_multiobject/topology_r1/exact_labels_v2_100_margin_0p1cm_v1/med2-med2/k2/shards/task_0046/xmls/twohop_candidates_v3_multiobject_topology_r1__med2-med2__twohop_multi_00493__env.xml,ok,valid,ok,valid,valid,other,passed,,0.0,0.0,0.033,0.022,both_failed,78,"[24.5,68.0]",24.5,68.0,"[16.0,9.0]",16.0,9.0,0.0,--goal 24.5 68.0,1push,36,32,0.8888888888888888,easy,36,32,0,32,0.8888888888888888,0.8888888888888888,easy,easy,one_push,False,True,hmax2,85,6,0.07058823529411765,med,85,0,6,6,0.0,0.07058823529411765,unsolvable,med,needs_2_chain,False,True,False,failure,False,simulation_harness_tick_limit_reached,14.57,failure,False,simulation_harness_tick_limit_reached,14.85
