build_id,axis,tier,solve_rate,push_kind,best_corridor_cm,worst_corridor_cm,n_solutions_with_no_route,xml
easy_000,hmax2,easy,0.7143,one_push,15.78,9.44,0,/common/users/dm1487/scratch_namo/real_buildable/pool1/easy/rb_00159/env.xml
easy_001,hmax2,easy,0.7308,one_push,30.0,11.2,0,/common/users/dm1487/scratch_namo/real_buildable/pool3/h2_404/rb_00078/env.xml
easy_002,hmax2,easy,0.3,needs_2_chain,30.0,7.57,0,/common/users/dm1487/scratch_namo/real_buildable/pool2/med_302/rb_00014/env.xml
easy_003,hmax2,easy,0.3,one_push,11.76,8.93,0,/common/users/dm1487/scratch_namo/real_buildable/pool1/hard/rb_00048/env.xml
easy_004,hmax2,easy,0.3,needs_2_chain,30.0,30.0,0,/common/users/dm1487/scratch_namo/real_buildable/pool1/hard/rb_00153/env.xml
easy_005,hmax2,easy,0.3286,needs_2_chain,30.0,14.14,0,/common/users/dm1487/scratch_namo/real_buildable/pool2/hard_207/rb_00016/env.xml
easy_006,hmax2,easy,0.7259,one_push,30.0,9.55,0,/common/users/dm1487/scratch_namo/real_buildable/pool3/h2_410/rb_00064/env.xml
easy_007,hmax2,easy,0.7391,one_push,16.35,11.59,0,/common/users/dm1487/scratch_namo/real_buildable/pool1/easy/rb_00085/env.xml
easy_008,hmax2,easy,0.3077,needs_2_chain,30.0,10.23,0,/common/users/dm1487/scratch_namo/real_buildable/pool4/j_501/rb_00000/env.xml
easy_009,hmax2,easy,0.3,needs_2_chain,30.0,7.97,0,/common/users/dm1487/scratch_namo/real_buildable/pool1/hard/rb_00483/env.xml
easy_010,hmax2,easy,0.3,one_push,30.0,11.93,0,/common/users/dm1487/scratch_namo/real_buildable/pool2/hard_201/rb_00019/env.xml
easy_011,hmax2,easy,0.3333,one_push,30.0,30.0,0,/common/users/dm1487/scratch_namo/real_buildable/pool1/hard/rb_00068/env.xml
easy_012,hmax2,easy,0.7429,one_push,30.0,9.55,0,/common/users/dm1487/scratch_namo/real_buildable/pool3/h2_406/rb_00013/env.xml
easy_013,hmax2,easy,0.76,one_push,30.0,9.55,0,/common/users/dm1487/scratch_namo/real_buildable/pool3/h2_404/rb_00035/env.xml
easy_014,hmax2,easy,0.3111,needs_2_chain,30.0,10.06,0,/common/users/dm1487/scratch_namo/real_buildable/pool4b/j_620/rb_00017/env.xml
easy_015,hmax2,easy,0.3077,one_push,12.84,9.16,0,/common/users/dm1487/scratch_namo/real_buildable/pool2/med_302/rb_00034/env.xml
easy_016,hmax2,easy,0.3455,needs_2_chain,10.97,8.76,0,/common/users/dm1487/scratch_namo/real_buildable/pool1/hard/rb_00052/env.xml
easy_017,hmax2,easy,0.3333,needs_2_chain,30.0,8.76,0,/common/users/dm1487/scratch_namo/real_buildable/pool2/hard_202/rb_00002/env.xml
easy_018,hmax2,easy,0.7556,one_push,30.0,10.97,0,/common/users/dm1487/scratch_namo/real_buildable/pool1/easy/rb_00192/env.xml
easy_019,hmax2,easy,0.775,one_push,26.38,11.2,0,/common/users/dm1487/scratch_namo/real_buildable/pool3/h2_404/rb_00052/env.xml
easy_020,hmax2,easy,0.312,needs_2_chain,30.0,9.84,0,/common/users/dm1487/scratch_namo/real_buildable/pool1/med/rb_00217/env.xml
easy_021,hmax2,easy,0.3172,needs_2_chain,30.0,30.0,0,/common/users/dm1487/scratch_namo/real_buildable/pool1/med/rb_00098/env.xml
easy_022,hmax2,easy,0.4,one_push,13.23,12.1,0,/common/users/dm1487/scratch_namo/real_buildable/pool2/hard_202/rb_00050/env.xml
easy_023,hmax2,easy,0.4,one_push,30.0,12.78,0,/common/users/dm1487/scratch_namo/real_buildable/pool1/hard/rb_00495/env.xml
easy_024,hmax2,easy,0.76,one_push,21.16,10.01,0,/common/users/dm1487/scratch_namo/real_buildable/pool3/h2_404/rb_00001/env.xml
easy_025,hmax2,easy,0.776,one_push,30.0,9.72,0,/common/users/dm1487/scratch_namo/real_buildable/pool3/h2_412/rb_00062/env.xml
easy_026,hmax2,easy,0.328,needs_2_chain,30.0,30.0,0,/common/users/dm1487/scratch_namo/real_buildable/pool4/j_504/rb_00002/env.xml
easy_027,hmax2,easy,0.3286,needs_2_chain,30.0,7.97,0,/common/users/dm1487/scratch_namo/real_buildable/pool1/hard/rb_00189/env.xml
easy_028,hmax2,easy,0.4,needs_2_chain,30.0,10.86,0,/common/users/dm1487/scratch_namo/real_buildable/pool2/hard_203/rb_00037/env.xml
easy_029,hmax2,easy,0.4235,needs_2_chain,30.0,30.0,0,/common/users/dm1487/scratch_namo/real_buildable/pool2/hard_207/rb_00071/env.xml
easy_030,hmax2,easy,0.7615,one_push,30.0,9.95,0,/common/users/dm1487/scratch_namo/real_buildable/pool3/h2_405/rb_00031/env.xml
easy_031,hmax2,easy,0.7769,one_push,30.0,11.59,0,/common/users/dm1487/scratch_namo/real_buildable/pool3/h2_409/rb_00072/env.xml
easy_032,hmax2,easy,0.3333,needs_2_chain,11.76,9.33,0,/common/users/dm1487/scratch_namo/real_buildable/pool4b/j_604/rb_00005/env.xml
easy_033,hmax2,easy,0.331,one_push,30.0,8.76,0,/common/users/dm1487/scratch_namo/real_buildable/pool1/hard/rb_00065/env.xml
easy_034,hmax2,easy,0.4333,needs_2_chain,30.0,9.1,0,/common/users/dm1487/scratch_namo/real_buildable/pool2/med_302/rb_00049/env.xml
easy_035,hmax2,easy,0.45,one_push,30.0,12.95,0,/common/users/dm1487/scratch_namo/real_buildable/pool2/hard_205/rb_00016/env.xml
easy_036,hmax2,easy,0.7692,one_push,20.03,9.55,0,/common/users/dm1487/scratch_namo/real_buildable/pool3/h2_402/rb_00067/env.xml
easy_037,hmax2,easy,0.7895,one_push,30.0,9.67,0,/common/users/dm1487/scratch_namo/real_buildable/pool1/easy/rb_00091/env.xml
easy_038,hmax2,easy,0.3385,needs_2_chain,11.14,9.61,0,/common/users/dm1487/scratch_namo/real_buildable/pool4/j_517/rb_00009/env.xml
easy_039,hmax2,easy,0.3385,needs_2_chain,30.0,4.4,0,/common/users/dm1487/scratch_namo/real_buildable/pool4b/j_608/rb_00015/env.xml
easy_040,hmax2,easy,0.4462,needs_2_chain,30.0,8.99,0,/common/users/dm1487/scratch_namo/real_buildable/pool2/hard_201/rb_00020/env.xml
easy_041,hmax2,easy,0.4533,needs_2_chain,10.74,8.42,0,/common/users/dm1487/scratch_namo/real_buildable/pool1/hard/rb_00177/env.xml
easy_042,hmax2,easy,0.7778,one_push,30.0,10.8,0,/common/users/dm1487/scratch_namo/real_buildable/pool3/h2_408/rb_00026/env.xml
easy_043,hmax2,easy,0.8,one_push,30.0,11.59,0,/common/users/dm1487/scratch_namo/real_buildable/pool1/easy/rb_00190/env.xml
easy_044,hmax2,easy,0.3481,needs_2_chain,30.0,12.16,0,/common/users/dm1487/scratch_namo/real_buildable/pool4b/j_611/rb_00006/env.xml
easy_045,hmax2,easy,0.34,needs_2_chain,30.0,7.97,0,/common/users/dm1487/scratch_namo/real_buildable/pool2/med_303/rb_00017/env.xml
easy_046,hmax2,easy,0.4571,one_push,30.0,9.16,0,/common/users/dm1487/scratch_namo/real_buildable/pool2/hard_206/rb_00018/env.xml
easy_047,hmax2,easy,0.475,one_push,30.0,8.76,0,/common/users/dm1487/scratch_namo/real_buildable/pool2/med_303/rb_00057/env.xml
easy_048,hmax2,easy,0.7778,one_push,30.0,10.8,0,/common/users/dm1487/scratch_namo/real_buildable/pool3/h2_402/rb_00002/env.xml
easy_049,hmax2,easy,0.8,one_push,30.0,9.84,0,/common/users/dm1487/scratch_namo/real_buildable/pool3/h2_401/rb_00064/env.xml
easy_050,hmax2,easy,0.35,needs_2_chain,30.0,10.06,0,/common/users/dm1487/scratch_namo/real_buildable/pool2/med_301/rb_00064/env.xml
easy_051,hmax2,easy,0.3429,one_push,30.0,12.27,0,/common/users/dm1487/scratch_namo/real_buildable/pool1/med/rb_00148/env.xml
easy_052,hmax2,easy,0.4667,needs_2_chain,30.0,30.0,0,/common/users/dm1487/scratch_namo/real_buildable/pool2/hard_203/rb_00048/env.xml
easy_053,hmax2,easy,0.48,one_push,30.0,11.59,0,/common/users/dm1487/scratch_namo/real_buildable/pool1/hard/rb_00155/env.xml
easy_054,hmax2,easy,0.7778,one_push,13.18,9.95,0,/common/users/dm1487/scratch_namo/real_buildable/pool3/h2_408/rb_00054/env.xml
easy_055,hmax2,easy,0.8143,one_push,14.65,9.95,0,/common/users/dm1487/scratch_namo/real_buildable/pool3/h2_405/rb_00038/env.xml
easy_056,hmax2,easy,0.3563,one_push,30.0,8.76,0,/common/users/dm1487/scratch_namo/real_buildable/pool1/med/rb_00188/env.xml
easy_057,hmax2,easy,0.3448,one_push,30.0,8.76,0,/common/users/dm1487/scratch_namo/real_buildable/pool2/hard_203/rb_00050/env.xml
easy_058,hmax2,easy,0.4714,needs_2_chain,30.0,9.72,0,/common/users/dm1487/scratch_namo/real_buildable/pool1/hard/rb_00341/env.xml
easy_059,hmax2,easy,0.5,one_push,30.0,12.38,0,/common/users/dm1487/scratch_namo/real_buildable/pool1/hard/rb_00352/env.xml
easy_060,hmax2,easy,0.7826,one_push,30.0,12.38,0,/common/users/dm1487/scratch_namo/real_buildable/pool3/h2_411/rb_00026/env.xml
easy_061,hmax2,easy,0.8148,one_push,30.0,10.8,0,/common/users/dm1487/scratch_namo/real_buildable/pool3/h2_410/rb_00045/env.xml
easy_062,hmax2,easy,0.36,needs_2_chain,30.0,10.18,0,/common/users/dm1487/scratch_namo/real_buildable/pool2/hard_207/rb_00006/env.xml
easy_063,hmax2,easy,0.3538,needs_2_chain,30.0,30.0,0,/common/users/dm1487/scratch_namo/real_buildable/pool2/med_304/rb_00073/env.xml
easy_064,hmax2,easy,0.4769,needs_2_chain,30.0,30.0,0,/common/users/dm1487/scratch_namo/real_buildable/pool2/hard_208/rb_00020/env.xml
easy_065,hmax2,easy,0.5286,one_push,30.0,7.97,0,/common/users/dm1487/scratch_namo/real_buildable/pool2/hard_205/rb_00077/env.xml
easy_066,hmax2,easy,0.7833,one_push,17.6,10.63,0,/common/users/dm1487/scratch_namo/real_buildable/pool3/h2_405/rb_00024/env.xml
easy_067,hmax2,easy,0.8148,one_push,30.0,9.5,0,/common/users/dm1487/scratch_namo/real_buildable/pool3/h2_412/rb_00073/env.xml
easy_068,hmax2,easy,0.36,needs_2_chain,30.0,11.25,0,/common/users/dm1487/scratch_namo/real_buildable/pool4b/j_602/rb_00007/env.xml
easy_069,hmax2,easy,0.3615,needs_2_chain,30.0,8.76,0,/common/users/dm1487/scratch_namo/real_buildable/pool2/med_302/rb_00001/env.xml
easy_070,hmax2,easy,0.5,one_push,30.0,10.35,0,/common/users/dm1487/scratch_namo/real_buildable/pool1/hard/rb_00194/env.xml
easy_071,hmax2,easy,0.55,one_push,30.0,12.16,0,/common/users/dm1487/scratch_namo/real_buildable/pool2/hard_207/rb_00060/env.xml
easy_072,hmax2,easy,0.784,one_push,30.0,10.35,0,/common/users/dm1487/scratch_namo/real_buildable/pool1/easy/rb_00199/env.xml
easy_073,hmax2,easy,0.8214,one_push,30.0,10.35,0,/common/users/dm1487/scratch_namo/real_buildable/pool3/h2_402/rb_00024/env.xml
easy_074,hmax2,easy,0.3667,needs_2_chain,10.46,9.72,0,/common/users/dm1487/scratch_namo/real_buildable/pool4/j_507/rb_00003/env.xml
easy_075,hmax2,easy,0.3619,needs_2_chain,30.0,7.57,0,/common/users/dm1487/scratch_namo/real_buildable/pool1/hard/rb_00443/env.xml
easy_076,hmax2,easy,0.5,one_push,30.0,30.0,0,/common/users/dm1487/scratch_namo/real_buildable/pool1/hard/rb_00423/env.xml
easy_077,hmax2,easy,0.57,one_push,30.0,9.67,0,/common/users/dm1487/scratch_namo/real_buildable/pool2/med_302/rb_00067/env.xml
easy_078,hmax2,easy,0.7846,one_push,30.0,9.95,0,/common/users/dm1487/scratch_namo/real_buildable/pool3/h2_406/rb_00051/env.xml
easy_079,hmax2,easy,0.8267,one_push,20.71,9.95,0,/common/users/dm1487/scratch_namo/real_buildable/pool3/h2_404/rb_00066/env.xml
easy_080,hmax2,easy,0.3667,needs_2_chain,14.54,4.29,0,/common/users/dm1487/scratch_namo/real_buildable/pool4/j_514/rb_00003/env.xml
easy_081,hmax2,easy,0.363,needs_2_chain,30.0,11.03,0,/common/users/dm1487/scratch_namo/real_buildable/pool2/med_303/rb_00073/env.xml
easy_082,hmax2,easy,0.5053,one_push,30.0,8.82,0,/common/users/dm1487/scratch_namo/real_buildable/pool2/hard_203/rb_00032/env.xml
easy_083,hmax2,easy,0.5714,one_push,30.0,9.55,0,/common/users/dm1487/scratch_namo/real_buildable/pool2/hard_208/rb_00038/env.xml
easy_084,hmax2,easy,0.7857,one_push,30.0,9.95,0,/common/users/dm1487/scratch_namo/real_buildable/pool1/easy/rb_00171/env.xml
easy_085,hmax2,easy,0.8286,one_push,30.0,11.2,0,/common/users/dm1487/scratch_namo/real_buildable/pool3/h2_406/rb_00064/env.xml
easy_086,hmax2,easy,0.3704,needs_2_chain,30.0,10.86,0,/common/users/dm1487/scratch_namo/real_buildable/pool4/j_523/rb_00009/env.xml
easy_087,hmax2,easy,0.3643,needs_2_chain,30.0,7.97,0,/common/users/dm1487/scratch_namo/real_buildable/pool1/med/rb_00080/env.xml
easy_088,hmax2,easy,0.5077,one_push,30.0,10.8,0,/common/users/dm1487/scratch_namo/real_buildable/pool1/hard/rb_00274/env.xml
easy_089,hmax2,easy,0.58,one_push,30.0,10.52,0,/common/users/dm1487/scratch_namo/real_buildable/pool2/hard_201/rb_00064/env.xml
easy_090,hmax2,easy,0.7931,one_push,20.37,11.59,0,/common/users/dm1487/scratch_namo/real_buildable/pool3/h2_401/rb_00021/env.xml
easy_091,hmax2,easy,0.8333,one_push,30.0,11.99,0,/common/users/dm1487/scratch_namo/real_buildable/pool3/h2_404/rb_00027/env.xml
easy_092,hmax2,easy,0.3714,one_push,11.54,8.76,0,/common/users/dm1487/scratch_namo/real_buildable/pool1/hard/rb_00094/env.xml
easy_093,hmax2,easy,0.3667,one_push,10.63,8.7,0,/common/users/dm1487/scratch_namo/real_buildable/pool1/med/rb_00147/env.xml
easy_094,hmax2,easy,0.5375,one_push,30.0,9.1,0,/common/users/dm1487/scratch_namo/real_buildable/pool2/hard_202/rb_00030/env.xml
easy_095,hmax2,easy,0.6,one_push,30.0,7.57,0,/common/users/dm1487/scratch_namo/real_buildable/pool2/hard_204/rb_00037/env.xml
easy_096,hmax2,easy,0.8,one_push,11.99,9.55,0,/common/users/dm1487/scratch_namo/real_buildable/pool1/easy/rb_00162/env.xml
easy_097,hmax2,easy,0.8333,one_push,30.0,11.2,0,/common/users/dm1487/scratch_namo/real_buildable/pool3/h2_406/rb_00045/env.xml
easy_098,hmax2,easy,0.376,one_push,30.0,9.67,0,/common/users/dm1487/scratch_namo/real_buildable/pool4b/j_602/rb_00008/env.xml
easy_099,hmax2,easy,0.3714,one_push,30.0,7.97,0,/common/users/dm1487/scratch_namo/real_buildable/pool2/hard_205/rb_00058/env.xml
med_000,hmax2,med,0.05,needs_2_chain,30.0,30.0,0,/common/users/dm1487/scratch_namo/real_buildable/pool4/j_512/rb_00004/env.xml
med_001,hmax2,med,0.05,needs_2_chain,30.0,4.79,0,/common/users/dm1487/scratch_namo/real_buildable/pool4/j_502/rb_00010/env.xml
med_002,hmax2,med,0.0667,needs_2_chain,10.46,10.46,0,/common/users/dm1487/scratch_namo/real_buildable/pool2/hard_204/rb_00078/env.xml
med_003,hmax2,med,0.0571,needs_2_chain,30.0,9.33,0,/common/users/dm1487/scratch_namo/real_buildable/pool2/hard_201/rb_00061/env.xml
med_004,hmax2,med,0.0519,needs_2_chain,30.0,30.0,0,/common/users/dm1487/scratch_namo/real_buildable/pool1/med/rb_00025/env.xml
med_005,hmax2,med,0.0522,needs_2_chain,11.76,9.1,0,/common/users/dm1487/scratch_namo/real_buildable/pool2/hard_208/rb_00005/env.xml
med_006,hmax2,med,0.1667,needs_2_chain,9.72,9.21,0,/common/users/dm1487/scratch_namo/real_buildable/pool1/hard/rb_00224/env.xml
med_007,hmax2,med,0.0571,needs_2_chain,9.16,8.76,0,/common/users/dm1487/scratch_namo/real_buildable/pool2/hard_207/rb_00064/env.xml
med_008,hmax2,med,0.0522,needs_2_chain,12.16,9.44,0,/common/users/dm1487/scratch_namo/real_buildable/pool4/j_506/rb_00006/env.xml
med_009,hmax2,med,0.0533,needs_2_chain,30.0,9.16,0,/common/users/dm1487/scratch_namo/real_buildable/pool1/med/rb_00234/env.xml
med_010,hmax2,med,0.1667,one_push,10.97,10.74,0,/common/users/dm1487/scratch_namo/real_buildable/pool2/hard_206/rb_00066/env.xml
med_011,hmax2,med,0.1,needs_2_chain,12.38,12.38,0,/common/users/dm1487/scratch_namo/real_buildable/pool2/hard_205/rb_00075/env.xml
med_012,hmax2,med,0.0533,needs_2_chain,30.0,9.84,0,/common/users/dm1487/scratch_namo/real_buildable/pool1/med/rb_00284/env.xml
med_013,hmax2,med,0.0533,needs_2_chain,30.0,30.0,0,/common/users/dm1487/scratch_namo/real_buildable/pool2/hard_203/rb_00070/env.xml
med_014,hmax2,med,0.1714,needs_2_chain,11.08,8.36,0,/common/users/dm1487/scratch_namo/real_buildable/pool2/hard_205/rb_00065/env.xml
med_015,hmax2,med,0.12,needs_2_chain,30.0,30.0,0,/common/users/dm1487/scratch_namo/real_buildable/pool1/hard/rb_00463/env.xml
med_016,hmax2,med,0.0533,needs_2_chain,30.0,9.61,0,/common/users/dm1487/scratch_namo/real_buildable/pool2/med_301/rb_00077/env.xml
med_017,hmax2,med,0.0552,needs_2_chain,30.0,13.86,0,/common/users/dm1487/scratch_namo/real_buildable/pool1/med/rb_00130/env.xml
med_018,hmax2,med,0.1882,needs_2_chain,30.0,9.72,0,/common/users/dm1487/scratch_namo/real_buildable/pool1/hard/rb_00444/env.xml
med_019,hmax2,med,0.125,one_push,30.0,13.18,0,/common/users/dm1487/scratch_namo/real_buildable/pool1/med/rb_00135/env.xml
med_020,hmax2,med,0.0538,needs_2_chain,9.1,8.7,0,/common/users/dm1487/scratch_namo/real_buildable/pool4/j_517/rb_00002/env.xml
med_021,hmax2,med,0.0571,needs_2_chain,30.0,3.15,0,/common/users/dm1487/scratch_namo/real_buildable/pool4b/j_618/rb_00011/env.xml
med_022,hmax2,med,0.1882,needs_2_chain,30.0,9.16,0,/common/users/dm1487/scratch_namo/real_buildable/pool1/hard/rb_00448/env.xml
med_023,hmax2,med,0.1333,needs_2_chain,9.89,9.78,0,/common/users/dm1487/scratch_namo/real_buildable/pool2/hard_202/rb_00013/env.xml
med_024,hmax2,med,0.0538,needs_2_chain,30.0,13.18,0,/common/users/dm1487/scratch_namo/real_buildable/pool4b/j_607/rb_00008/env.xml
med_025,hmax2,med,0.0583,needs_2_chain,12.5,10.91,0,/common/users/dm1487/scratch_namo/real_buildable/pool4b/j_601/rb_00013/env.xml
med_026,hmax2,med,0.2235,needs_2_chain,30.0,30.0,0,/common/users/dm1487/scratch_namo/real_buildable/pool1/hard/rb_00114/env.xml
med_027,hmax2,med,0.15,needs_2_chain,30.0,8.36,0,/common/users/dm1487/scratch_namo/real_buildable/pool1/hard/rb_00327/env.xml
med_028,hmax2,med,0.0552,needs_2_chain,30.0,7.97,0,/common/users/dm1487/scratch_namo/real_buildable/pool1/hard/rb_00019/env.xml
med_029,hmax2,med,0.0593,needs_2_chain,30.0,14.37,0,/common/users/dm1487/scratch_namo/real_buildable/pool4/j_507/rb_00007/env.xml
med_030,hmax2,med,0.2286,needs_2_chain,30.0,13.23,0,/common/users/dm1487/scratch_namo/real_buildable/pool2/hard_203/rb_00067/env.xml
med_031,hmax2,med,0.25,one_push,30.0,9.72,0,/common/users/dm1487/scratch_namo/real_buildable/pool2/hard_205/rb_00050/env.xml
med_032,hmax2,med,0.0552,needs_2_chain,30.0,9.55,0,/common/users/dm1487/scratch_namo/real_buildable/pool2/med_302/rb_00026/env.xml
med_033,hmax2,med,0.06,needs_2_chain,30.0,11.99,0,/common/users/dm1487/scratch_namo/real_buildable/pool1/hard/rb_00096/env.xml
med_034,hmax2,med,0.2429,needs_2_chain,30.0,9.16,0,/common/users/dm1487/scratch_namo/real_buildable/pool1/hard/rb_00126/env.xml
med_035,hmax2,med,0.0583,needs_2_chain,30.0,30.0,0,/common/users/dm1487/scratch_namo/real_buildable/pool4/j_520/rb_00003/env.xml
med_036,hmax2,med,0.06,needs_2_chain,30.0,7.97,0,/common/users/dm1487/scratch_namo/real_buildable/pool1/hard/rb_00138/env.xml
med_037,hmax2,med,0.2667,needs_2_chain,9.5,8.42,0,/common/users/dm1487/scratch_namo/real_buildable/pool1/hard/rb_00060/env.xml
med_038,hmax2,med,0.0583,needs_2_chain,11.65,9.33,0,/common/users/dm1487/scratch_namo/real_buildable/pool4b/j_614/rb_00002/env.xml
med_039,hmax2,med,0.06,needs_2_chain,30.0,30.0,0,/common/users/dm1487/scratch_namo/real_buildable/pool1/med/rb_00013/env.xml
med_040,hmax2,med,0.2714,needs_2_chain,30.0,30.0,0,/common/users/dm1487/scratch_namo/real_buildable/pool2/hard_202/rb_00015/env.xml
med_041,hmax2,med,0.06,needs_2_chain,30.0,12.21,0,/common/users/dm1487/scratch_namo/real_buildable/pool1/med/rb_00060/env.xml
med_042,hmax2,med,0.0643,needs_2_chain,30.0,9.55,0,/common/users/dm1487/scratch_namo/real_buildable/pool2/hard_206/rb_00009/env.xml
med_043,hmax2,med,0.2857,one_push,11.42,10.91,0,/common/users/dm1487/scratch_namo/real_buildable/pool2/hard_203/rb_00064/env.xml
med_044,hmax2,med,0.06,needs_2_chain,30.0,13.29,0,/common/users/dm1487/scratch_namo/real_buildable/pool2/med_303/rb_00022/env.xml
med_045,hmax2,med,0.0667,needs_2_chain,30.0,9.16,0,/common/users/dm1487/scratch_namo/real_buildable/pool1/hard/rb_00066/env.xml
med_046,hmax2,med,0.0621,needs_2_chain,9.67,9.44,0,/common/users/dm1487/scratch_namo/real_buildable/pool4b/j_619/rb_00019/env.xml
med_047,hmax2,med,0.0667,needs_2_chain,30.0,8.36,0,/common/users/dm1487/scratch_namo/real_buildable/pool1/med/rb_00279/env.xml
med_048,hmax2,med,0.0667,needs_2_chain,30.0,10.06,0,/common/users/dm1487/scratch_namo/real_buildable/pool1/hard/rb_00292/env.xml
med_049,hmax2,med,0.0667,needs_2_chain,12.21,7.97,0,/common/users/dm1487/scratch_namo/real_buildable/pool2/hard_201/rb_00014/env.xml
med_050,hmax2,med,0.0667,needs_2_chain,30.0,10.23,0,/common/users/dm1487/scratch_namo/real_buildable/pool4/j_504/rb_00011/env.xml
med_051,hmax2,med,0.0667,needs_2_chain,30.0,8.36,0,/common/users/dm1487/scratch_namo/real_buildable/pool2/med_301/rb_00086/env.xml
med_052,hmax2,med,0.0692,needs_2_chain,30.0,9.55,0,/common/users/dm1487/scratch_namo/real_buildable/pool1/med/rb_00180/env.xml
med_053,hmax2,med,0.0667,needs_2_chain,30.0,9.61,0,/common/users/dm1487/scratch_namo/real_buildable/pool2/med_302/rb_00068/env.xml
med_054,hmax2,med,0.072,needs_2_chain,30.0,9.5,0,/common/users/dm1487/scratch_namo/real_buildable/pool1/med/rb_00195/env.xml
med_055,hmax2,med,0.0667,needs_2_chain,30.0,7.97,0,/common/users/dm1487/scratch_namo/real_buildable/pool2/med_304/rb_00026/env.xml
med_056,hmax2,med,0.072,needs_2_chain,10.74,9.27,0,/common/users/dm1487/scratch_namo/real_buildable/pool1/med/rb_00239/env.xml
med_057,hmax2,med,0.0667,needs_2_chain,30.0,30.0,0,/common/users/dm1487/scratch_namo/real_buildable/pool2/med_304/rb_00084/env.xml
med_058,hmax2,med,0.072,needs_2_chain,17.6,9.16,0,/common/users/dm1487/scratch_namo/real_buildable/pool4/j_501/rb_00014/env.xml
med_059,hmax2,med,0.0733,needs_2_chain,30.0,8.76,0,/common/users/dm1487/scratch_namo/real_buildable/pool2/med_301/rb_00003/env.xml
med_060,hmax2,med,0.0769,needs_2_chain,30.0,8.48,0,/common/users/dm1487/scratch_namo/real_buildable/pool4/j_508/rb_00002/env.xml
med_061,hmax2,med,0.075,needs_2_chain,30.0,8.53,0,/common/users/dm1487/scratch_namo/real_buildable/pool4/j_523/rb_00004/env.xml
med_062,hmax2,med,0.0786,needs_2_chain,12.21,11.88,0,/common/users/dm1487/scratch_namo/real_buildable/pool1/med/rb_00095/env.xml
med_063,hmax2,med,0.0762,needs_2_chain,30.0,8.76,0,/common/users/dm1487/scratch_namo/real_buildable/pool2/med_304/rb_00008/env.xml
med_064,hmax2,med,0.08,needs_2_chain,30.0,9.5,0,/common/users/dm1487/scratch_namo/real_buildable/pool2/med_301/rb_00075/env.xml
med_065,hmax2,med,0.0786,needs_2_chain,30.0,30.0,0,/common/users/dm1487/scratch_namo/real_buildable/pool4/j_514/rb_00011/env.xml
med_066,hmax2,med,0.0867,needs_2_chain,30.0,7.97,0,/common/users/dm1487/scratch_namo/real_buildable/pool2/med_303/rb_00075/env.xml
med_067,hmax2,med,0.08,needs_2_chain,10.74,7.57,0,/common/users/dm1487/scratch_namo/real_buildable/pool2/hard_206/rb_00020/env.xml
med_068,hmax2,med,0.0917,needs_2_chain,13.57,1.96,0,/common/users/dm1487/scratch_namo/real_buildable/pool4b/j_606/rb_00003/env.xml
med_069,hmax2,med,0.08,needs_2_chain,30.0,30.0,0,/common/users/dm1487/scratch_namo/real_buildable/pool2/med_301/rb_00041/env.xml
med_070,hmax2,med,0.0966,needs_2_chain,11.59,11.59,0,/common/users/dm1487/scratch_namo/real_buildable/pool4b/j_618/rb_00002/env.xml
med_071,hmax2,med,0.08,needs_2_chain,30.0,13.29,0,/common/users/dm1487/scratch_namo/real_buildable/pool2/med_303/rb_00055/env.xml
med_072,hmax2,med,0.1,needs_2_chain,30.0,8.76,0,/common/users/dm1487/scratch_namo/real_buildable/pool1/hard/rb_00393/env.xml
med_073,hmax2,med,0.08,needs_2_chain,30.0,8.76,0,/common/users/dm1487/scratch_namo/real_buildable/pool2/med_303/rb_00084/env.xml
med_074,hmax2,med,0.104,needs_2_chain,30.0,9.89,0,/common/users/dm1487/scratch_namo/real_buildable/pool4/j_504/rb_00010/env.xml
med_075,hmax2,med,0.0828,needs_2_chain,30.0,10.35,0,/common/users/dm1487/scratch_namo/real_buildable/pool2/med_304/rb_00041/env.xml
med_076,hmax2,med,0.1083,needs_2_chain,12.89,7.57,0,/common/users/dm1487/scratch_namo/real_buildable/pool2/hard_202/rb_00014/env.xml
med_077,hmax2,med,0.0833,needs_2_chain,30.0,1.96,0,/common/users/dm1487/scratch_namo/real_buildable/pool4/j_513/rb_00009/env.xml
med_078,hmax2,med,0.1259,needs_2_chain,9.95,9.1,0,/common/users/dm1487/scratch_namo/real_buildable/pool4b/j_619/rb_00020/env.xml
med_079,hmax2,med,0.0867,needs_2_chain,30.0,8.76,0,/common/users/dm1487/scratch_namo/real_buildable/pool1/med/rb_00129/env.xml
med_080,hmax2,med,0.128,needs_2_chain,30.0,14.71,0,/common/users/dm1487/scratch_namo/real_buildable/pool4/j_508/rb_00006/env.xml
med_081,hmax2,med,0.0867,needs_2_chain,30.0,10.74,0,/common/users/dm1487/scratch_namo/real_buildable/pool2/hard_207/rb_00026/env.xml
med_082,hmax2,med,0.136,needs_2_chain,11.42,9.84,0,/common/users/dm1487/scratch_namo/real_buildable/pool4/j_505/rb_00005/env.xml
med_083,hmax2,med,0.087,needs_2_chain,30.0,9.55,0,/common/users/dm1487/scratch_namo/real_buildable/pool2/hard_202/rb_00063/env.xml
med_084,hmax2,med,0.1375,one_push,11.59,8.76,0,/common/users/dm1487/scratch_namo/real_buildable/pool1/hard/rb_00366/env.xml
med_085,hmax2,med,0.09,needs_2_chain,30.0,7.57,0,/common/users/dm1487/scratch_namo/real_buildable/pool2/hard_207/rb_00072/env.xml
med_086,hmax2,med,0.1385,one_push,11.48,9.61,0,/common/users/dm1487/scratch_namo/real_buildable/pool1/med/rb_00249/env.xml
med_087,hmax2,med,0.0917,needs_2_chain,30.0,3.95,0,/common/users/dm1487/scratch_namo/real_buildable/pool4/j_513/rb_00002/env.xml
med_088,hmax2,med,0.1417,needs_2_chain,30.0,8.82,0,/common/users/dm1487/scratch_namo/real_buildable/pool4/j_512/rb_00020/env.xml
med_089,hmax2,med,0.0923,needs_2_chain,30.0,8.36,0,/common/users/dm1487/scratch_namo/real_buildable/pool1/hard/rb_00339/env.xml
med_090,hmax2,med,0.1417,needs_2_chain,30.0,5.08,0,/common/users/dm1487/scratch_namo/real_buildable/pool4b/j_610/rb_00004/env.xml
med_091,hmax2,med,0.0933,needs_2_chain,30.0,8.76,0,/common/users/dm1487/scratch_namo/real_buildable/pool2/med_304/rb_00033/env.xml
med_092,hmax2,med,0.1467,needs_2_chain,30.0,11.65,0,/common/users/dm1487/scratch_namo/real_buildable/pool1/hard/rb_00084/env.xml
med_093,hmax2,med,0.1,needs_2_chain,30.0,8.36,0,/common/users/dm1487/scratch_namo/real_buildable/pool2/med_301/rb_00028/env.xml
med_094,hmax2,med,0.15,needs_2_chain,30.0,9.1,0,/common/users/dm1487/scratch_namo/real_buildable/pool4b/j_602/rb_00011/env.xml
med_095,hmax2,med,0.1037,needs_2_chain,30.0,9.16,0,/common/users/dm1487/scratch_namo/real_buildable/pool2/med_303/rb_00034/env.xml
med_096,hmax2,med,0.152,needs_2_chain,30.0,9.89,0,/common/users/dm1487/scratch_namo/real_buildable/pool4/j_508/rb_00007/env.xml
med_097,hmax2,med,0.104,needs_2_chain,30.0,14.37,0,/common/users/dm1487/scratch_namo/real_buildable/pool4b/j_619/rb_00004/env.xml
med_098,hmax2,med,0.1545,needs_2_chain,30.0,8.76,0,/common/users/dm1487/scratch_namo/real_buildable/pool4b/j_613/rb_00005/env.xml
med_099,hmax2,med,0.1071,needs_2_chain,30.0,9.61,0,/common/users/dm1487/scratch_namo/real_buildable/pool2/hard_202/rb_00049/env.xml
hard_000,hmax2,hard,0.0067,needs_2_chain,9.55,9.55,0,/common/users/dm1487/scratch_namo/real_buildable/pool1/med/rb_00164/env.xml
hard_001,hmax2,hard,0.0067,needs_2_chain,10.74,10.74,0,/common/users/dm1487/scratch_namo/real_buildable/pool1/hard/rb_00295/env.xml
hard_002,hmax2,hard,0.0211,needs_2_chain,30.0,30.0,0,/common/users/dm1487/scratch_namo/real_buildable/pool2/hard_205/rb_00017/env.xml
hard_003,hmax2,hard,0.0133,needs_2_chain,30.0,30.0,0,/common/users/dm1487/scratch_namo/real_buildable/pool1/hard/rb_00458/env.xml
hard_004,hmax2,hard,0.0067,needs_2_chain,11.03,11.03,0,/common/users/dm1487/scratch_namo/real_buildable/pool1/med/rb_00228/env.xml
hard_005,hmax2,hard,0.0067,needs_2_chain,9.1,9.1,0,/common/users/dm1487/scratch_namo/real_buildable/pool4/j_502/rb_00007/env.xml
hard_006,hmax2,hard,0.0167,needs_2_chain,30.0,30.0,0,/common/users/dm1487/scratch_namo/real_buildable/pool1/hard/rb_00347/env.xml
hard_007,hmax2,hard,0.0067,needs_2_chain,30.0,30.0,0,/common/users/dm1487/scratch_namo/real_buildable/pool2/med_304/rb_00012/env.xml
hard_008,hmax2,hard,0.0067,needs_2_chain,30.0,30.0,0,/common/users/dm1487/scratch_namo/real_buildable/pool2/hard_208/rb_00056/env.xml
hard_009,hmax2,hard,0.02,needs_2_chain,9.33,9.33,0,/common/users/dm1487/scratch_namo/real_buildable/pool1/hard/rb_00265/env.xml
hard_010,hmax2,hard,0.0077,needs_2_chain,8.76,8.76,0,/common/users/dm1487/scratch_namo/real_buildable/pool1/hard/rb_00316/env.xml
hard_011,hmax2,hard,0.0074,needs_2_chain,12.38,12.38,0,/common/users/dm1487/scratch_namo/real_buildable/pool4b/j_601/rb_00018/env.xml
hard_012,hmax2,hard,0.0267,needs_2_chain,30.0,11.25,0,/common/users/dm1487/scratch_namo/real_buildable/pool2/hard_206/rb_00068/env.xml
hard_013,hmax2,hard,0.008,needs_2_chain,30.0,30.0,0,/common/users/dm1487/scratch_namo/real_buildable/pool4/j_517/rb_00018/env.xml
hard_014,hmax2,hard,0.0077,needs_2_chain,12.38,12.38,0,/common/users/dm1487/scratch_namo/real_buildable/pool4/j_523/rb_00000/env.xml
hard_015,hmax2,hard,0.0267,needs_2_chain,8.99,8.36,0,/common/users/dm1487/scratch_namo/real_buildable/pool2/hard_208/rb_00063/env.xml
hard_016,hmax2,hard,0.008,needs_2_chain,30.0,30.0,0,/common/users/dm1487/scratch_namo/real_buildable/pool4/j_522/rb_00008/env.xml
hard_017,hmax2,hard,0.008,needs_2_chain,30.0,30.0,0,/common/users/dm1487/scratch_namo/real_buildable/pool4b/j_603/rb_00008/env.xml
hard_018,hmax2,hard,0.0083,needs_2_chain,8.36,8.36,0,/common/users/dm1487/scratch_namo/real_buildable/pool1/hard/rb_00441/env.xml
hard_019,hmax2,hard,0.0083,needs_2_chain,8.36,8.36,0,/common/users/dm1487/scratch_namo/real_buildable/pool1/med/rb_00010/env.xml
hard_020,hmax2,hard,0.0091,needs_2_chain,10.63,10.63,0,/common/users/dm1487/scratch_namo/real_buildable/pool1/hard/rb_00420/env.xml
hard_021,hmax2,hard,0.0083,needs_2_chain,30.0,30.0,0,/common/users/dm1487/scratch_namo/real_buildable/pool2/hard_206/rb_00079/env.xml
hard_022,hmax2,hard,0.0133,needs_2_chain,10.74,10.57,0,/common/users/dm1487/scratch_namo/real_buildable/pool1/med/rb_00064/env.xml
hard_023,hmax2,hard,0.0087,needs_2_chain,8.76,8.76,0,/common/users/dm1487/scratch_namo/real_buildable/pool1/hard/rb_00325/env.xml
hard_024,hmax2,hard,0.0133,needs_2_chain,10.91,10.86,0,/common/users/dm1487/scratch_namo/real_buildable/pool1/med/rb_00225/env.xml
hard_025,hmax2,hard,0.0133,needs_2_chain,30.0,30.0,0,/common/users/dm1487/scratch_namo/real_buildable/pool4/j_506/rb_00012/env.xml
hard_026,hmax2,hard,0.0133,needs_2_chain,13.12,13.12,0,/common/users/dm1487/scratch_namo/real_buildable/pool2/med_303/rb_00011/env.xml
hard_027,hmax2,hard,0.0143,needs_2_chain,11.14,9.61,0,/common/users/dm1487/scratch_namo/real_buildable/pool2/med_303/rb_00071/env.xml
hard_028,hmax2,hard,0.0138,needs_2_chain,10.63,10.57,0,/common/users/dm1487/scratch_namo/real_buildable/pool1/hard/rb_00322/env.xml
hard_029,hmax2,hard,0.016,needs_2_chain,30.0,30.0,0,/common/users/dm1487/scratch_namo/real_buildable/pool4/j_505/rb_00001/env.xml
hard_030,hmax2,hard,0.0154,needs_2_chain,30.0,30.0,0,/common/users/dm1487/scratch_namo/real_buildable/pool4/j_515/rb_00012/env.xml
hard_031,hmax2,hard,0.016,needs_2_chain,30.0,30.0,0,/common/users/dm1487/scratch_namo/real_buildable/pool4b/j_602/rb_00014/env.xml
hard_032,hmax2,hard,0.016,needs_2_chain,30.0,30.0,0,/common/users/dm1487/scratch_namo/real_buildable/pool4/j_501/rb_00009/env.xml
hard_033,hmax2,hard,0.0174,needs_2_chain,30.0,8.36,0,/common/users/dm1487/scratch_namo/real_buildable/pool1/med/rb_00011/env.xml
hard_034,hmax2,hard,0.016,needs_2_chain,10.97,9.33,0,/common/users/dm1487/scratch_namo/real_buildable/pool4/j_517/rb_00013/env.xml
hard_035,hmax2,hard,0.02,needs_2_chain,30.0,8.76,0,/common/users/dm1487/scratch_namo/real_buildable/pool1/med/rb_00174/env.xml
hard_036,hmax2,hard,0.0167,needs_2_chain,10.12,10.12,0,/common/users/dm1487/scratch_namo/real_buildable/pool2/med_301/rb_00083/env.xml
hard_037,hmax2,hard,0.025,needs_2_chain,30.0,30.0,0,/common/users/dm1487/scratch_namo/real_buildable/pool4/j_524/rb_00009/env.xml
hard_038,hmax2,hard,0.0167,needs_2_chain,30.0,11.59,0,/common/users/dm1487/scratch_namo/real_buildable/pool4/j_522/rb_00012/env.xml
hard_039,hmax2,hard,0.0286,needs_2_chain,10.91,8.76,0,/common/users/dm1487/scratch_namo/real_buildable/pool2/hard_203/rb_00026/env.xml
hard_040,hmax2,hard,0.0174,needs_2_chain,11.14,9.38,0,/common/users/dm1487/scratch_namo/real_buildable/pool2/hard_206/rb_00027/env.xml
hard_041,hmax2,hard,0.0296,needs_2_chain,30.0,30.0,0,/common/users/dm1487/scratch_namo/real_buildable/pool2/hard_202/rb_00003/env.xml
hard_042,hmax2,hard,0.0174,needs_2_chain,9.89,9.67,0,/common/users/dm1487/scratch_namo/real_buildable/pool4b/j_606/rb_00002/env.xml
hard_043,hmax2,hard,0.0333,needs_2_chain,30.0,12.72,0,/common/users/dm1487/scratch_namo/real_buildable/pool1/med/rb_00122/env.xml
hard_044,hmax2,hard,0.02,needs_2_chain,10.46,10.23,0,/common/users/dm1487/scratch_namo/real_buildable/pool1/med/rb_00035/env.xml
hard_045,hmax2,hard,0.0333,needs_2_chain,30.0,8.82,0,/common/users/dm1487/scratch_namo/real_buildable/pool2/med_303/rb_00009/env.xml
hard_046,hmax2,hard,0.02,needs_2_chain,11.31,9.95,0,/common/users/dm1487/scratch_namo/real_buildable/pool2/hard_208/rb_00048/env.xml
hard_047,hmax2,hard,0.0333,needs_2_chain,13.57,13.57,0,/common/users/dm1487/scratch_namo/real_buildable/pool4b/j_603/rb_00013/env.xml
hard_048,hmax2,hard,0.02,needs_2_chain,30.0,11.37,0,/common/users/dm1487/scratch_namo/real_buildable/pool2/med_301/rb_00005/env.xml
hard_049,hmax2,hard,0.0345,needs_2_chain,30.0,8.36,0,/common/users/dm1487/scratch_namo/real_buildable/pool2/hard_204/rb_00018/env.xml
hard_050,hmax2,hard,0.02,needs_2_chain,30.0,11.99,0,/common/users/dm1487/scratch_namo/real_buildable/pool2/med_304/rb_00088/env.xml
hard_051,hmax2,hard,0.0348,needs_2_chain,30.0,8.36,0,/common/users/dm1487/scratch_namo/real_buildable/pool2/hard_205/rb_00064/env.xml
hard_052,hmax2,hard,0.0214,needs_2_chain,10.23,9.21,0,/common/users/dm1487/scratch_namo/real_buildable/pool2/hard_206/rb_00011/env.xml
hard_053,hmax2,hard,0.0385,needs_2_chain,30.0,30.0,0,/common/users/dm1487/scratch_namo/real_buildable/pool4/j_501/rb_00004/env.xml
hard_054,hmax2,hard,0.0231,needs_2_chain,8.36,8.36,0,/common/users/dm1487/scratch_namo/real_buildable/pool4/j_517/rb_00003/env.xml
hard_055,hmax2,hard,0.04,needs_2_chain,10.8,8.76,0,/common/users/dm1487/scratch_namo/real_buildable/pool1/med/rb_00121/env.xml
hard_056,hmax2,hard,0.0231,needs_2_chain,30.0,30.0,0,/common/users/dm1487/scratch_namo/real_buildable/pool4/j_517/rb_00014/env.xml
hard_057,hmax2,hard,0.04,needs_2_chain,30.0,30.0,0,/common/users/dm1487/scratch_namo/real_buildable/pool2/hard_203/rb_00016/env.xml
hard_058,hmax2,hard,0.025,needs_2_chain,11.88,8.76,0,/common/users/dm1487/scratch_namo/real_buildable/pool4/j_501/rb_00015/env.xml
hard_059,hmax2,hard,0.04,needs_2_chain,30.0,12.38,0,/common/users/dm1487/scratch_namo/real_buildable/pool4/j_504/rb_00004/env.xml
hard_060,hmax2,hard,0.025,needs_2_chain,12.16,11.54,0,/common/users/dm1487/scratch_namo/real_buildable/pool4/j_507/rb_00008/env.xml
hard_061,hmax2,hard,0.04,needs_2_chain,30.0,6.04,0,/common/users/dm1487/scratch_namo/real_buildable/pool4/j_521/rb_00010/env.xml
hard_062,hmax2,hard,0.025,needs_2_chain,8.82,8.59,0,/common/users/dm1487/scratch_namo/real_buildable/pool4/j_517/rb_00008/env.xml
hard_063,hmax2,hard,0.04,needs_2_chain,30.0,8.36,0,/common/users/dm1487/scratch_namo/real_buildable/pool2/med_301/rb_00006/env.xml
hard_064,hmax2,hard,0.025,needs_2_chain,8.93,8.76,0,/common/users/dm1487/scratch_namo/real_buildable/pool4b/j_604/rb_00009/env.xml
hard_065,hmax2,hard,0.0417,needs_2_chain,30.0,13.18,0,/common/users/dm1487/scratch_namo/real_buildable/pool4/j_515/rb_00014/env.xml
hard_066,hmax2,hard,0.025,needs_2_chain,12.16,11.08,0,/common/users/dm1487/scratch_namo/real_buildable/pool4b/j_616/rb_00012/env.xml
hard_067,hmax2,hard,0.0435,needs_2_chain,12.5,9.95,0,/common/users/dm1487/scratch_namo/real_buildable/pool4b/j_618/rb_00019/env.xml
hard_068,hmax2,hard,0.0267,needs_2_chain,30.0,11.25,0,/common/users/dm1487/scratch_namo/real_buildable/pool1/med/rb_00243/env.xml
hard_069,hmax2,hard,0.0462,needs_2_chain,30.0,30.0,0,/common/users/dm1487/scratch_namo/real_buildable/pool1/hard/rb_00207/env.xml
hard_070,hmax2,hard,0.0267,needs_2_chain,30.0,30.0,0,/common/users/dm1487/scratch_namo/real_buildable/pool2/hard_201/rb_00042/env.xml
hard_071,hmax2,hard,0.0467,needs_2_chain,30.0,13.52,0,/common/users/dm1487/scratch_namo/real_buildable/pool1/med/rb_00091/env.xml
hard_072,hmax2,hard,0.0276,needs_2_chain,30.0,9.89,0,/common/users/dm1487/scratch_namo/real_buildable/pool2/med_301/rb_00039/env.xml
hard_073,hmax2,hard,0.0467,needs_2_chain,12.21,12.21,0,/common/users/dm1487/scratch_namo/real_buildable/pool2/hard_207/rb_00053/env.xml
hard_074,hmax2,hard,0.0276,needs_2_chain,30.0,9.55,0,/common/users/dm1487/scratch_namo/real_buildable/pool4b/j_613/rb_00013/env.xml
hard_075,hmax2,hard,0.0476,needs_2_chain,14.25,9.95,0,/common/users/dm1487/scratch_namo/real_buildable/pool2/hard_203/rb_00071/env.xml
hard_076,hmax2,hard,0.0296,needs_2_chain,30.0,8.76,0,/common/users/dm1487/scratch_namo/real_buildable/pool4/j_518/rb_00009/env.xml
hard_077,hmax2,hard,0.0483,needs_2_chain,30.0,13.86,0,/common/users/dm1487/scratch_namo/real_buildable/pool1/hard/rb_00408/env.xml
hard_078,hmax2,hard,0.0308,needs_2_chain,11.25,8.99,0,/common/users/dm1487/scratch_namo/real_buildable/pool2/med_302/rb_00028/env.xml
hard_079,hmax2,hard,0.0483,needs_2_chain,30.0,12.89,0,/common/users/dm1487/scratch_namo/real_buildable/pool2/hard_203/rb_00035/env.xml
hard_080,hmax2,hard,0.0308,needs_2_chain,12.67,10.97,0,/common/users/dm1487/scratch_namo/real_buildable/pool4/j_516/rb_00008/env.xml
hard_081,hmax2,hard,0.032,needs_2_chain,30.0,11.65,0,/common/users/dm1487/scratch_namo/real_buildable/pool4/j_521/rb_00001/env.xml
hard_082,hmax2,hard,0.0333,needs_2_chain,30.0,30.0,0,/common/users/dm1487/scratch_namo/real_buildable/pool1/med/rb_00018/env.xml
hard_083,hmax2,hard,0.037,needs_2_chain,30.0,8.93,0,/common/users/dm1487/scratch_namo/real_buildable/pool1/hard/rb_00216/env.xml
hard_084,hmax2,hard,0.037,needs_2_chain,30.0,30.0,0,/common/users/dm1487/scratch_namo/real_buildable/pool4/j_522/rb_00000/env.xml
hard_085,hmax2,hard,0.04,needs_2_chain,11.93,8.48,0,/common/users/dm1487/scratch_namo/real_buildable/pool1/hard/rb_00406/env.xml
hard_086,hmax2,hard,0.04,one_push,30.0,9.27,0,/common/users/dm1487/scratch_namo/real_buildable/pool3/h2_410/rb_00043/env.xml
hard_087,hmax2,hard,0.04,needs_2_chain,12.78,10.23,0,/common/users/dm1487/scratch_namo/real_buildable/pool1/med/rb_00191/env.xml
hard_088,hmax2,hard,0.0417,needs_2_chain,30.0,1.96,0,/common/users/dm1487/scratch_namo/real_buildable/pool4b/j_606/rb_00011/env.xml
hard_089,hmax2,hard,0.0435,needs_2_chain,14.65,10.74,0,/common/users/dm1487/scratch_namo/real_buildable/pool4/j_508/rb_00003/env.xml
hard_090,hmax2,hard,0.0467,needs_2_chain,30.0,11.2,0,/common/users/dm1487/scratch_namo/real_buildable/pool1/med/rb_00052/env.xml
hard_091,hmax2,hard,0.0467,needs_2_chain,13.18,9.55,0,/common/users/dm1487/scratch_namo/real_buildable/pool2/med_304/rb_00048/env.xml
hard_092,hmax2,hard,0.0483,needs_2_chain,30.0,12.44,0,/common/users/dm1487/scratch_namo/real_buildable/pool1/hard/rb_00017/env.xml
easy_000,1push,easy,0.4696,one_push,30.0,11.2,0,/common/users/dm1487/scratch_namo/real_buildable/pool3/h2_403/rb_00001/env.xml
easy_001,1push,easy,0.6154,one_push,30.0,11.2,0,/common/users/dm1487/scratch_namo/real_buildable/pool3/h2_404/rb_00078/env.xml
easy_002,1push,easy,0.304,one_push,30.0,9.95,0,/common/users/dm1487/scratch_namo/real_buildable/pool4b/j_603/rb_00012/env.xml
easy_003,1push,easy,0.3,one_push,30.0,11.37,0,/common/users/dm1487/scratch_namo/real_buildable/pool2/hard_202/rb_00073/env.xml
easy_004,1push,easy,0.3,one_push,30.0,10.18,0,/common/users/dm1487/scratch_namo/real_buildable/pool1/hard/rb_00133/env.xml
easy_005,1push,easy,0.3,one_push,30.0,11.59,0,/common/users/dm1487/scratch_namo/real_buildable/pool2/hard_201/rb_00064/env.xml
easy_006,1push,easy,0.4706,one_push,30.0,11.99,0,/common/users/dm1487/scratch_namo/real_buildable/pool1/easy/rb_00154/env.xml
easy_007,1push,easy,0.6889,one_push,30.0,11.2,0,/common/users/dm1487/scratch_namo/real_buildable/pool3/h2_412/rb_00073/env.xml
easy_008,1push,easy,0.3067,one_push,30.0,11.25,0,/common/users/dm1487/scratch_namo/real_buildable/pool2/hard_201/rb_00033/env.xml
easy_009,1push,easy,0.3,one_push,30.0,8.36,0,/common/users/dm1487/scratch_namo/real_buildable/pool2/hard_203/rb_00022/env.xml
easy_010,1push,easy,0.3,one_push,13.57,10.35,0,/common/users/dm1487/scratch_namo/real_buildable/pool2/hard_207/rb_00039/env.xml
easy_011,1push,easy,0.3067,one_push,30.0,9.21,0,/common/users/dm1487/scratch_namo/real_buildable/pool2/hard_205/rb_00069/env.xml
easy_012,1push,easy,0.4815,one_push,30.0,10.8,0,/common/users/dm1487/scratch_namo/real_buildable/pool3/h2_408/rb_00026/env.xml
easy_013,1push,easy,0.7,one_push,30.0,11.25,0,/common/users/dm1487/scratch_namo/real_buildable/pool1/easy/rb_00190/env.xml
easy_014,1push,easy,0.3417,one_push,30.0,9.16,0,/common/users/dm1487/scratch_namo/real_buildable/pool4b/j_614/rb_00013/env.xml
easy_015,1push,easy,0.3,one_push,30.0,13.23,0,/common/users/dm1487/scratch_namo/real_buildable/pool2/hard_206/rb_00053/env.xml
easy_016,1push,easy,0.32,one_push,30.0,10.69,0,/common/users/dm1487/scratch_namo/real_buildable/pool1/hard/rb_00030/env.xml
easy_017,1push,easy,0.32,one_push,30.0,12.38,0,/common/users/dm1487/scratch_namo/real_buildable/pool2/hard_207/rb_00008/env.xml
easy_018,1push,easy,0.5,one_push,30.0,10.35,0,/common/users/dm1487/scratch_namo/real_buildable/pool1/easy/rb_00197/env.xml
easy_019,1push,easy,0.7037,one_push,30.0,10.8,0,/common/users/dm1487/scratch_namo/real_buildable/pool3/h2_410/rb_00045/env.xml
easy_020,1push,easy,0.3467,one_push,30.0,10.35,0,/common/users/dm1487/scratch_namo/real_buildable/pool2/hard_204/rb_00006/env.xml
easy_021,1push,easy,0.3059,one_push,30.0,9.61,0,/common/users/dm1487/scratch_namo/real_buildable/pool1/med/rb_00288/env.xml
easy_022,1push,easy,0.3333,one_push,13.12,10.18,0,/common/users/dm1487/scratch_namo/real_buildable/pool1/hard/rb_00200/env.xml
easy_023,1push,easy,0.32,one_push,30.0,11.42,0,/common/users/dm1487/scratch_namo/real_buildable/pool2/hard_208/rb_00024/env.xml
easy_024,1push,easy,0.5067,one_push,30.0,10.23,0,/common/users/dm1487/scratch_namo/real_buildable/pool1/easy/rb_00123/env.xml
easy_025,1push,easy,0.704,one_push,30.0,9.95,0,/common/users/dm1487/scratch_namo/real_buildable/pool3/h2_412/rb_00062/env.xml
easy_026,1push,easy,0.3467,one_push,13.18,10.23,0,/common/users/dm1487/scratch_namo/real_buildable/pool2/hard_205/rb_00055/env.xml
easy_027,1push,easy,0.3059,one_push,30.0,9.1,0,/common/users/dm1487/scratch_namo/real_buildable/pool2/hard_205/rb_00010/env.xml
easy_028,1push,easy,0.3333,one_push,30.0,9.1,0,/common/users/dm1487/scratch_namo/real_buildable/pool2/hard_208/rb_00021/env.xml
easy_029,1push,easy,0.3333,one_push,30.0,11.76,0,/common/users/dm1487/scratch_namo/real_buildable/pool2/hard_206/rb_00006/env.xml
easy_030,1push,easy,0.5071,one_push,15.78,10.46,0,/common/users/dm1487/scratch_namo/real_buildable/pool1/easy/rb_00159/env.xml
easy_031,1push,easy,0.7043,one_push,30.0,12.38,0,/common/users/dm1487/scratch_namo/real_buildable/pool1/easy/rb_00085/env.xml
easy_032,1push,easy,0.3471,one_push,14.25,9.95,0,/common/users/dm1487/scratch_namo/real_buildable/pool1/med/rb_00277/env.xml
easy_033,1push,easy,0.3077,one_push,30.0,9.33,0,/common/users/dm1487/scratch_namo/real_buildable/pool1/hard/rb_00283/env.xml
easy_034,1push,easy,0.3429,one_push,11.99,11.14,0,/common/users/dm1487/scratch_namo/real_buildable/pool2/hard_208/rb_00036/env.xml
easy_035,1push,easy,0.3556,one_push,30.0,10.63,0,/common/users/dm1487/scratch_namo/real_buildable/pool2/hard_206/rb_00012/env.xml
easy_036,1push,easy,0.512,one_push,30.0,9.72,0,/common/users/dm1487/scratch_namo/real_buildable/pool1/easy/rb_00199/env.xml
easy_037,1push,easy,0.7067,one_push,30.0,11.99,0,/common/users/dm1487/scratch_namo/real_buildable/pool3/h2_402/rb_00042/env.xml
easy_038,1push,easy,0.36,one_push,14.54,11.82,0,/common/users/dm1487/scratch_namo/real_buildable/pool2/hard_208/rb_00072/env.xml
easy_039,1push,easy,0.3143,one_push,13.29,10.74,0,/common/users/dm1487/scratch_namo/real_buildable/pool1/hard/rb_00188/env.xml
easy_040,1push,easy,0.36,one_push,30.0,12.5,0,/common/users/dm1487/scratch_namo/real_buildable/pool1/hard/rb_00497/env.xml
easy_041,1push,easy,0.3778,one_push,13.01,8.82,0,/common/users/dm1487/scratch_namo/real_buildable/pool2/hard_207/rb_00002/env.xml
easy_042,1push,easy,0.513,one_push,14.37,10.8,0,/common/users/dm1487/scratch_namo/real_buildable/pool1/easy/rb_00138/env.xml
easy_043,1push,easy,0.7067,one_push,30.0,9.61,0,/common/users/dm1487/scratch_namo/real_buildable/pool3/h2_404/rb_00027/env.xml
easy_044,1push,easy,0.3769,one_push,11.25,10.57,0,/common/users/dm1487/scratch_namo/real_buildable/pool4/j_517/rb_00019/env.xml
easy_045,1push,easy,0.3143,one_push,14.03,10.23,0,/common/users/dm1487/scratch_namo/real_buildable/pool2/hard_202/rb_00055/env.xml
easy_046,1push,easy,0.38,one_push,30.0,9.21,0,/common/users/dm1487/scratch_namo/real_buildable/pool2/hard_202/rb_00020/env.xml
easy_047,1push,easy,0.42,one_push,30.0,10.46,0,/common/users/dm1487/scratch_namo/real_buildable/pool1/hard/rb_00473/env.xml
easy_048,1push,easy,0.5185,one_push,30.0,11.59,0,/common/users/dm1487/scratch_namo/real_buildable/pool3/h2_401/rb_00060/env.xml
easy_049,1push,easy,0.7071,one_push,30.0,11.2,0,/common/users/dm1487/scratch_namo/real_buildable/pool3/h2_405/rb_00038/env.xml
easy_050,1push,easy,0.3867,one_push,14.25,11.76,0,/common/users/dm1487/scratch_namo/real_buildable/pool1/hard/rb_00407/env.xml
easy_051,1push,easy,0.32,one_push,30.0,9.55,0,/common/users/dm1487/scratch_namo/real_buildable/pool2/hard_204/rb_00051/env.xml
easy_052,1push,easy,0.3833,one_push,30.0,9.67,0,/common/users/dm1487/scratch_namo/real_buildable/pool2/hard_206/rb_00067/env.xml
easy_053,1push,easy,0.4364,one_push,30.0,9.33,0,/common/users/dm1487/scratch_namo/real_buildable/pool1/hard/rb_00174/env.xml
easy_054,1push,easy,0.54,one_push,30.0,11.59,0,/common/users/dm1487/scratch_namo/real_buildable/pool1/easy/rb_00162/env.xml
easy_055,1push,easy,0.7143,one_push,30.0,10.35,0,/common/users/dm1487/scratch_namo/real_buildable/pool3/h2_402/rb_00024/env.xml
easy_056,1push,easy,0.4,one_push,30.0,9.72,0,/common/users/dm1487/scratch_namo/real_buildable/pool1/hard/rb_00107/env.xml
easy_057,1push,easy,0.3273,one_push,30.0,30.0,0,/common/users/dm1487/scratch_namo/real_buildable/pool1/hard/rb_00342/env.xml
easy_058,1push,easy,0.4,one_push,10.97,10.8,0,/common/users/dm1487/scratch_namo/real_buildable/pool1/hard/rb_00127/env.xml
easy_059,1push,easy,0.4462,one_push,30.0,10.12,0,/common/users/dm1487/scratch_namo/real_buildable/pool2/hard_204/rb_00042/env.xml
easy_060,1push,easy,0.55,one_push,30.0,9.55,0,/common/users/dm1487/scratch_namo/real_buildable/pool3/h2_403/rb_00006/env.xml
easy_061,1push,easy,0.725,one_push,30.0,10.8,0,/common/users/dm1487/scratch_namo/real_buildable/pool3/h2_402/rb_00065/env.xml
easy_062,1push,easy,0.5,one_push,13.18,10.35,0,/common/users/dm1487/scratch_namo/real_buildable/pool4/j_512/rb_00013/env.xml
easy_063,1push,easy,0.3273,one_push,30.0,9.95,0,/common/users/dm1487/scratch_namo/real_buildable/pool2/hard_208/rb_00037/env.xml
easy_064,1push,easy,0.4286,one_push,14.14,9.84,0,/common/users/dm1487/scratch_namo/real_buildable/pool2/hard_204/rb_00059/env.xml
easy_065,1push,easy,0.45,one_push,30.0,10.12,0,/common/users/dm1487/scratch_namo/real_buildable/pool2/hard_207/rb_00075/env.xml
easy_066,1push,easy,0.55,one_push,30.0,11.59,0,/common/users/dm1487/scratch_namo/real_buildable/pool1/easy/rb_00171/env.xml
easy_067,1push,easy,0.725,one_push,30.0,10.8,0,/common/users/dm1487/scratch_namo/real_buildable/pool3/h2_412/rb_00043/env.xml
easy_068,1push,easy,0.5083,one_push,30.0,9.55,0,/common/users/dm1487/scratch_namo/real_buildable/pool3/h2_402/rb_00007/env.xml
easy_069,1push,easy,0.3333,one_push,10.8,10.18,0,/common/users/dm1487/scratch_namo/real_buildable/pool3/h2_409/rb_00055/env.xml
easy_070,1push,easy,0.4364,one_push,11.48,9.33,0,/common/users/dm1487/scratch_namo/real_buildable/pool1/hard/rb_00474/env.xml
easy_071,1push,easy,0.5,one_push,30.0,10.74,0,/common/users/dm1487/scratch_namo/real_buildable/pool1/med/rb_00274/env.xml
easy_072,1push,easy,0.5533,one_push,30.0,10.74,0,/common/users/dm1487/scratch_namo/real_buildable/pool3/h2_410/rb_00049/env.xml
easy_073,1push,easy,0.731,one_push,30.0,11.59,0,/common/users/dm1487/scratch_namo/real_buildable/pool3/h2_401/rb_00017/env.xml
easy_074,1push,easy,0.6571,one_push,30.0,12.38,0,/common/users/dm1487/scratch_namo/real_buildable/pool3/h2_401/rb_00070/env.xml
easy_075,1push,easy,0.3385,one_push,30.0,10.8,0,/common/users/dm1487/scratch_namo/real_buildable/pool1/hard/rb_00328/env.xml
easy_076,1push,easy,0.44,one_push,14.88,9.27,0,/common/users/dm1487/scratch_namo/real_buildable/pool1/med/rb_00041/env.xml
easy_077,1push,easy,0.5556,one_push,30.0,11.03,0,/common/users/dm1487/scratch_namo/real_buildable/pool1/easy/rb_00142/env.xml
easy_078,1push,easy,0.7333,one_push,30.0,11.2,0,/common/users/dm1487/scratch_namo/real_buildable/pool3/h2_406/rb_00045/env.xml
easy_079,1push,easy,0.3467,one_push,30.0,9.1,0,/common/users/dm1487/scratch_namo/real_buildable/pool2/hard_204/rb_00007/env.xml
easy_080,1push,easy,0.4889,one_push,13.01,10.57,0,/common/users/dm1487/scratch_namo/real_buildable/pool1/med/rb_00099/env.xml
easy_081,1push,easy,0.56,one_push,30.0,9.89,0,/common/users/dm1487/scratch_namo/real_buildable/pool1/easy/rb_00065/env.xml
easy_082,1push,easy,0.7333,one_push,30.0,11.59,0,/common/users/dm1487/scratch_namo/real_buildable/pool3/h2_404/rb_00052/env.xml
easy_083,1push,easy,0.3571,one_push,13.46,9.5,0,/common/users/dm1487/scratch_namo/real_buildable/pool1/hard/rb_00498/env.xml
easy_084,1push,easy,0.5778,one_push,13.18,13.18,0,/common/users/dm1487/scratch_namo/real_buildable/pool2/hard_206/rb_00042/env.xml
easy_085,1push,easy,0.575,one_push,30.0,10.35,0,/common/users/dm1487/scratch_namo/real_buildable/pool1/easy/rb_00073/env.xml
easy_086,1push,easy,0.736,one_push,30.0,10.8,0,/common/users/dm1487/scratch_namo/real_buildable/pool1/easy/rb_00007/env.xml
easy_087,1push,easy,0.36,one_push,30.0,9.16,0,/common/users/dm1487/scratch_namo/real_buildable/pool2/hard_207/rb_00040/env.xml
easy_088,1push,easy,0.5769,one_push,30.0,10.8,0,/common/users/dm1487/scratch_namo/real_buildable/pool3/h2_404/rb_00076/env.xml
easy_089,1push,easy,0.736,one_push,20.77,10.8,0,/common/users/dm1487/scratch_namo/real_buildable/pool3/h2_402/rb_00041/env.xml
easy_090,1push,easy,0.3867,one_push,30.0,11.14,0,/common/users/dm1487/scratch_namo/real_buildable/pool2/hard_206/rb_00024/env.xml
easy_091,1push,easy,0.5786,one_push,30.0,11.2,0,/common/users/dm1487/scratch_namo/real_buildable/pool3/h2_406/rb_00013/env.xml
easy_092,1push,easy,0.7385,one_push,14.76,11.2,0,/common/users/dm1487/scratch_namo/real_buildable/pool3/h2_409/rb_00072/env.xml
easy_093,1push,easy,0.4,one_push,30.0,11.54,0,/common/users/dm1487/scratch_namo/real_buildable/pool1/hard/rb_00472/env.xml
easy_094,1push,easy,0.5867,one_push,30.0,11.42,0,/common/users/dm1487/scratch_namo/real_buildable/pool3/h2_405/rb_00026/env.xml
easy_095,1push,easy,0.74,one_push,30.0,11.2,0,/common/users/dm1487/scratch_namo/real_buildable/pool3/h2_409/rb_00046/env.xml
easy_096,1push,easy,0.4,one_push,30.0,10.86,0,/common/users/dm1487/scratch_namo/real_buildable/pool2/hard_201/rb_00050/env.xml
easy_097,1push,easy,0.5926,one_push,30.0,10.35,0,/common/users/dm1487/scratch_namo/real_buildable/pool1/easy/rb_00184/env.xml
easy_098,1push,easy,0.7429,one_push,30.0,11.59,0,/common/users/dm1487/scratch_namo/real_buildable/pool3/h2_408/rb_00009/env.xml
easy_099,1push,easy,0.4,one_push,30.0,9.95,0,/common/users/dm1487/scratch_namo/real_buildable/pool2/hard_202/rb_00057/env.xml
med_000,1push,med,0.05,one_push,30.0,10.74,0,/common/users/dm1487/scratch_namo/real_buildable/pool2/hard_202/rb_00017/env.xml
med_001,1push,med,0.0522,one_push,30.0,14.65,0,/common/users/dm1487/scratch_namo/real_buildable/pool1/hard/rb_00014/env.xml
med_002,1push,med,0.0533,one_push,10.35,9.1,0,/common/users/dm1487/scratch_namo/real_buildable/pool1/hard/rb_00111/env.xml
med_003,1push,med,0.05,one_push,30.0,30.0,0,/common/users/dm1487/scratch_namo/real_buildable/pool1/hard/rb_00068/env.xml
med_004,1push,med,0.05,one_push,13.57,9.95,0,/common/users/dm1487/scratch_namo/real_buildable/pool2/med_302/rb_00065/env.xml
med_005,1push,med,0.0522,one_push,30.0,11.59,0,/common/users/dm1487/scratch_namo/real_buildable/pool1/hard/rb_00412/env.xml
med_006,1push,med,0.0571,one_push,11.37,11.14,0,/common/users/dm1487/scratch_namo/real_buildable/pool2/hard_203/rb_00064/env.xml
med_007,1push,med,0.05,one_push,30.0,30.0,0,/common/users/dm1487/scratch_namo/real_buildable/pool2/med_303/rb_00057/env.xml
med_008,1push,med,0.05,one_push,12.38,9.95,0,/common/users/dm1487/scratch_namo/real_buildable/pool4/j_519/rb_00009/env.xml
med_009,1push,med,0.0522,one_push,30.0,13.29,0,/common/users/dm1487/scratch_namo/real_buildable/pool2/med_301/rb_00015/env.xml
med_010,1push,med,0.0632,one_push,30.0,9.1,0,/common/users/dm1487/scratch_namo/real_buildable/pool2/hard_203/rb_00032/env.xml
med_011,1push,med,0.075,one_push,10.12,8.99,0,/common/users/dm1487/scratch_namo/real_buildable/pool2/hard_202/rb_00026/env.xml
med_012,1push,med,0.05,one_push,9.84,9.61,0,/common/users/dm1487/scratch_namo/real_buildable/pool4/j_522/rb_00004/env.xml
med_013,1push,med,0.0526,one_push,11.93,11.93,0,/common/users/dm1487/scratch_namo/real_buildable/pool2/med_303/rb_00040/env.xml
med_014,1push,med,0.0667,one_push,30.0,30.0,0,/common/users/dm1487/scratch_namo/real_buildable/pool1/hard/rb_00273/env.xml
med_015,1push,med,0.0769,one_push,30.0,30.0,0,/common/users/dm1487/scratch_namo/real_buildable/pool1/med/rb_00176/env.xml
med_016,1push,med,0.05,one_push,30.0,12.16,0,/common/users/dm1487/scratch_namo/real_buildable/pool4/j_507/rb_00000/env.xml
med_017,1push,med,0.0533,one_push,10.23,9.72,0,/common/users/dm1487/scratch_namo/real_buildable/pool1/hard/rb_00353/env.xml
med_018,1push,med,0.0667,one_push,13.57,12.78,0,/common/users/dm1487/scratch_namo/real_buildable/pool2/hard_202/rb_00050/env.xml
med_019,1push,med,0.0769,one_push,30.0,30.0,0,/common/users/dm1487/scratch_namo/real_buildable/pool2/hard_204/rb_00037/env.xml
med_020,1push,med,0.0519,one_push,30.0,30.0,0,/common/users/dm1487/scratch_namo/real_buildable/pool2/hard_202/rb_00006/env.xml
med_021,1push,med,0.0533,one_push,30.0,30.0,0,/common/users/dm1487/scratch_namo/real_buildable/pool2/med_303/rb_00049/env.xml
med_022,1push,med,0.075,one_push,9.67,9.5,0,/common/users/dm1487/scratch_namo/real_buildable/pool2/med_302/rb_00019/env.xml
med_023,1push,med,0.0857,one_push,30.0,8.7,0,/common/users/dm1487/scratch_namo/real_buildable/pool2/hard_205/rb_00077/env.xml
med_024,1push,med,0.0522,one_push,30.0,30.0,0,/common/users/dm1487/scratch_namo/real_buildable/pool1/hard/rb_00009/env.xml
med_025,1push,med,0.0545,one_push,30.0,30.0,0,/common/users/dm1487/scratch_namo/real_buildable/pool2/hard_207/rb_00014/env.xml
med_026,1push,med,0.0778,one_push,30.0,30.0,0,/common/users/dm1487/scratch_namo/real_buildable/pool1/hard/rb_00490/env.xml
med_027,1push,med,0.1,one_push,30.0,10.52,0,/common/users/dm1487/scratch_namo/real_buildable/pool1/hard/rb_00445/env.xml
med_028,1push,med,0.0522,one_push,30.0,12.61,0,/common/users/dm1487/scratch_namo/real_buildable/pool2/hard_203/rb_00033/env.xml
med_029,1push,med,0.0556,one_push,10.74,9.33,0,/common/users/dm1487/scratch_namo/real_buildable/pool1/hard/rb_00191/env.xml
med_030,1push,med,0.1,one_push,30.0,30.0,0,/common/users/dm1487/scratch_namo/real_buildable/pool1/hard/rb_00423/env.xml
med_031,1push,med,0.1,one_push,30.0,30.0,0,/common/users/dm1487/scratch_namo/real_buildable/pool2/hard_204/rb_00072/env.xml
med_032,1push,med,0.0522,one_push,30.0,30.0,0,/common/users/dm1487/scratch_namo/real_buildable/pool2/hard_205/rb_00013/env.xml
med_033,1push,med,0.056,one_push,30.0,30.0,0,/common/users/dm1487/scratch_namo/real_buildable/pool1/med/rb_00101/env.xml
med_034,1push,med,0.1,one_push,30.0,30.0,0,/common/users/dm1487/scratch_namo/real_buildable/pool2/hard_207/rb_00037/env.xml
med_035,1push,med,0.1,one_push,30.0,10.35,0,/common/users/dm1487/scratch_namo/real_buildable/pool2/hard_205/rb_00050/env.xml
med_036,1push,med,0.0522,one_push,30.0,10.35,0,/common/users/dm1487/scratch_namo/real_buildable/pool2/hard_205/rb_00019/env.xml
med_037,1push,med,0.0571,one_push,30.0,30.0,0,/common/users/dm1487/scratch_namo/real_buildable/pool1/med/rb_00230/env.xml
med_038,1push,med,0.1,one_push,30.0,13.74,0,/common/users/dm1487/scratch_namo/real_buildable/pool2/med_304/rb_00049/env.xml
med_039,1push,med,0.1,one_push,30.0,12.89,0,/common/users/dm1487/scratch_namo/real_buildable/pool2/hard_207/rb_00019/env.xml
med_040,1push,med,0.0522,one_push,30.0,11.88,0,/common/users/dm1487/scratch_namo/real_buildable/pool4b/j_606/rb_00013/env.xml
med_041,1push,med,0.0571,one_push,30.0,11.14,0,/common/users/dm1487/scratch_namo/real_buildable/pool2/hard_203/rb_00021/env.xml
med_042,1push,med,0.1143,one_push,12.78,11.42,0,/common/users/dm1487/scratch_namo/real_buildable/pool2/hard_203/rb_00030/env.xml
med_043,1push,med,0.1067,one_push,30.0,30.0,0,/common/users/dm1487/scratch_namo/real_buildable/pool1/hard/rb_00197/env.xml
med_044,1push,med,0.0526,one_push,10.35,9.72,0,/common/users/dm1487/scratch_namo/real_buildable/pool1/hard/rb_00270/env.xml
med_045,1push,med,0.0583,one_push,30.0,30.0,0,/common/users/dm1487/scratch_namo/real_buildable/pool2/hard_206/rb_00075/env.xml
med_046,1push,med,0.1143,one_push,30.0,8.76,0,/common/users/dm1487/scratch_namo/real_buildable/pool2/hard_206/rb_00018/env.xml
med_047,1push,med,0.1143,one_push,30.0,12.5,0,/common/users/dm1487/scratch_namo/real_buildable/pool2/hard_207/rb_00031/env.xml
med_048,1push,med,0.0538,one_push,30.0,30.0,0,/common/users/dm1487/scratch_namo/real_buildable/pool4/j_512/rb_00015/env.xml
med_049,1push,med,0.0583,one_push,14.14,14.14,0,/common/users/dm1487/scratch_namo/real_buildable/pool2/med_304/rb_00063/env.xml
med_050,1push,med,0.1176,one_push,30.0,9.5,0,/common/users/dm1487/scratch_namo/real_buildable/pool1/hard/rb_00157/env.xml
med_051,1push,med,0.1231,one_push,12.27,8.08,0,/common/users/dm1487/scratch_namo/real_buildable/pool2/hard_208/rb_00078/env.xml
med_052,1push,med,0.0545,one_push,30.0,30.0,0,/common/users/dm1487/scratch_namo/real_buildable/pool2/hard_202/rb_00045/env.xml
med_053,1push,med,0.06,one_push,12.16,9.16,0,/common/users/dm1487/scratch_namo/real_buildable/pool1/med/rb_00166/env.xml
med_054,1push,med,0.12,one_push,30.0,9.5,0,/common/users/dm1487/scratch_namo/real_buildable/pool2/hard_205/rb_00043/env.xml
med_055,1push,med,0.1273,one_push,10.46,8.99,0,/common/users/dm1487/scratch_namo/real_buildable/pool2/hard_208/rb_00033/env.xml
med_056,1push,med,0.056,one_push,30.0,30.0,0,/common/users/dm1487/scratch_namo/real_buildable/pool1/med/rb_00286/env.xml
med_057,1push,med,0.06,one_push,15.39,8.76,0,/common/users/dm1487/scratch_namo/real_buildable/pool2/med_302/rb_00045/env.xml
med_058,1push,med,0.1231,one_push,30.0,13.18,0,/common/users/dm1487/scratch_namo/real_buildable/pool2/hard_205/rb_00045/env.xml
med_059,1push,med,0.1867,one_push,30.0,11.2,0,/common/users/dm1487/scratch_namo/real_buildable/pool1/hard/rb_00155/env.xml
med_060,1push,med,0.056,one_push,30.0,30.0,0,/common/users/dm1487/scratch_namo/real_buildable/pool2/med_302/rb_00013/env.xml
med_061,1push,med,0.06,one_push,30.0,30.0,0,/common/users/dm1487/scratch_namo/real_buildable/pool2/hard_203/rb_00025/env.xml
med_062,1push,med,0.125,one_push,30.0,9.95,0,/common/users/dm1487/scratch_namo/real_buildable/pool2/hard_202/rb_00053/env.xml
med_063,1push,med,0.19,one_push,30.0,10.74,0,/common/users/dm1487/scratch_namo/real_buildable/pool2/med_302/rb_00067/env.xml
med_064,1push,med,0.0563,one_push,13.4,9.44,0,/common/users/dm1487/scratch_namo/real_buildable/pool1/med/rb_00188/env.xml
med_065,1push,med,0.0615,one_push,14.65,10.35,0,/common/users/dm1487/scratch_namo/real_buildable/pool2/med_302/rb_00034/env.xml
med_066,1push,med,0.1375,one_push,30.0,9.1,0,/common/users/dm1487/scratch_namo/real_buildable/pool2/hard_202/rb_00030/env.xml
med_067,1push,med,0.2,one_push,30.0,9.55,0,/common/users/dm1487/scratch_namo/real_buildable/pool2/hard_205/rb_00016/env.xml
med_068,1push,med,0.0571,one_push,30.0,10.97,0,/common/users/dm1487/scratch_namo/real_buildable/pool2/hard_203/rb_00066/env.xml
med_069,1push,med,0.0625,one_push,14.93,8.93,0,/common/users/dm1487/scratch_namo/real_buildable/pool2/med_301/rb_00027/env.xml
med_070,1push,med,0.1385,one_push,30.0,30.0,0,/common/users/dm1487/scratch_namo/real_buildable/pool2/hard_202/rb_00058/env.xml
med_071,1push,med,0.2,one_push,10.57,8.7,0,/common/users/dm1487/scratch_namo/real_buildable/pool2/hard_207/rb_00010/env.xml
med_072,1push,med,0.0571,one_push,30.0,10.74,0,/common/users/dm1487/scratch_namo/real_buildable/pool1/hard/rb_00434/env.xml
med_073,1push,med,0.0643,one_push,30.0,11.14,0,/common/users/dm1487/scratch_namo/real_buildable/pool1/hard/rb_00236/env.xml
med_074,1push,med,0.15,one_push,12.21,10.35,0,/common/users/dm1487/scratch_namo/real_buildable/pool2/hard_201/rb_00058/env.xml
med_075,1push,med,0.2,one_push,30.0,13.06,0,/common/users/dm1487/scratch_namo/real_buildable/pool2/hard_207/rb_00060/env.xml
med_076,1push,med,0.0571,one_push,30.0,10.12,0,/common/users/dm1487/scratch_namo/real_buildable/pool2/hard_206/rb_00064/env.xml
med_077,1push,med,0.0667,one_push,13.74,11.2,0,/common/users/dm1487/scratch_namo/real_buildable/pool1/med/rb_00113/env.xml
med_078,1push,med,0.16,one_push,30.0,13.01,0,/common/users/dm1487/scratch_namo/real_buildable/pool2/hard_206/rb_00041/env.xml
med_079,1push,med,0.2,one_push,15.05,9.55,0,/common/users/dm1487/scratch_namo/real_buildable/pool2/hard_208/rb_00038/env.xml
med_080,1push,med,0.0571,one_push,30.0,11.99,0,/common/users/dm1487/scratch_namo/real_buildable/pool2/hard_206/rb_00070/env.xml
med_081,1push,med,0.0667,one_push,30.0,11.99,0,/common/users/dm1487/scratch_namo/real_buildable/pool1/hard/rb_00038/env.xml
med_082,1push,med,0.1636,one_push,30.0,9.84,0,/common/users/dm1487/scratch_namo/real_buildable/pool2/med_302/rb_00052/env.xml
med_083,1push,med,0.2133,one_push,30.0,8.99,0,/common/users/dm1487/scratch_namo/real_buildable/pool2/hard_207/rb_00049/env.xml
med_084,1push,med,0.0593,one_push,30.0,30.0,0,/common/users/dm1487/scratch_namo/real_buildable/pool2/hard_202/rb_00054/env.xml
med_085,1push,med,0.0667,one_push,30.0,14.65,0,/common/users/dm1487/scratch_namo/real_buildable/pool1/hard/rb_00288/env.xml
med_086,1push,med,0.175,one_push,30.0,10.35,0,/common/users/dm1487/scratch_namo/real_buildable/pool1/hard/rb_00410/env.xml
med_087,1push,med,0.225,one_push,12.5,8.76,0,/common/users/dm1487/scratch_namo/real_buildable/pool1/med/rb_00211/env.xml
med_088,1push,med,0.06,one_push,30.0,30.0,0,/common/users/dm1487/scratch_namo/real_buildable/pool2/hard_206/rb_00033/env.xml
med_089,1push,med,0.0667,one_push,30.0,30.0,0,/common/users/dm1487/scratch_namo/real_buildable/pool1/med/rb_00074/env.xml
med_090,1push,med,0.1846,one_push,30.0,11.2,0,/common/users/dm1487/scratch_namo/real_buildable/pool1/hard/rb_00274/env.xml
med_091,1push,med,0.2333,one_push,30.0,9.27,0,/common/users/dm1487/scratch_namo/real_buildable/pool1/hard/rb_00352/env.xml
med_092,1push,med,0.06,one_push,10.8,9.95,0,/common/users/dm1487/scratch_namo/real_buildable/pool2/hard_203/rb_00014/env.xml
med_093,1push,med,0.0667,one_push,30.0,30.0,0,/common/users/dm1487/scratch_namo/real_buildable/pool1/med/rb_00212/env.xml
med_094,1push,med,0.1857,one_push,30.0,9.1,0,/common/users/dm1487/scratch_namo/real_buildable/pool2/hard_205/rb_00051/env.xml
med_095,1push,med,0.2667,one_push,30.0,10.01,0,/common/users/dm1487/scratch_namo/real_buildable/pool2/hard_201/rb_00010/env.xml
med_096,1push,med,0.0606,one_push,14.54,10.52,0,/common/users/dm1487/scratch_namo/real_buildable/pool1/med/rb_00106/env.xml
med_097,1push,med,0.0667,one_push,30.0,30.0,0,/common/users/dm1487/scratch_namo/real_buildable/pool2/hard_203/rb_00010/env.xml
med_098,1push,med,0.1867,one_push,30.0,10.23,0,/common/users/dm1487/scratch_namo/real_buildable/pool2/hard_201/rb_00054/env.xml
med_099,1push,med,0.2889,one_push,30.0,9.89,0,/common/users/dm1487/scratch_namo/real_buildable/pool1/hard/rb_00186/env.xml
hard_000,1push,hard,0.0063,one_push,8.99,8.99,0,/common/users/dm1487/scratch_namo/real_buildable/pool2/med_303/rb_00006/env.xml
hard_001,1push,hard,0.0074,one_push,30.0,30.0,0,/common/users/dm1487/scratch_namo/real_buildable/pool1/hard/rb_00492/env.xml
hard_002,1push,hard,0.02,one_push,10.18,10.18,0,/common/users/dm1487/scratch_namo/real_buildable/pool2/hard_201/rb_00019/env.xml
hard_003,1push,hard,0.025,one_push,30.0,30.0,0,/common/users/dm1487/scratch_namo/real_buildable/pool1/med/rb_00135/env.xml
hard_004,1push,hard,0.0067,one_push,30.0,30.0,0,/common/users/dm1487/scratch_namo/real_buildable/pool1/hard/rb_00363/env.xml
hard_005,1push,hard,0.0074,one_push,30.0,30.0,0,/common/users/dm1487/scratch_namo/real_buildable/pool1/med/rb_00054/env.xml
hard_006,1push,hard,0.0267,one_push,9.5,9.33,0,/common/users/dm1487/scratch_namo/real_buildable/pool2/hard_205/rb_00062/env.xml
hard_007,1push,hard,0.04,one_push,30.0,30.0,0,/common/users/dm1487/scratch_namo/real_buildable/pool1/hard/rb_00495/env.xml
hard_008,1push,hard,0.0069,one_push,10.12,10.12,0,/common/users/dm1487/scratch_namo/real_buildable/pool1/med/rb_00061/env.xml
hard_009,1push,hard,0.008,one_push,30.0,30.0,0,/common/users/dm1487/scratch_namo/real_buildable/pool1/hard/rb_00264/env.xml
hard_010,1push,hard,0.0333,one_push,10.97,10.97,0,/common/users/dm1487/scratch_namo/real_buildable/pool2/hard_206/rb_00066/env.xml
hard_011,1push,hard,0.0069,one_push,9.67,9.67,0,/common/users/dm1487/scratch_namo/real_buildable/pool1/med/rb_00097/env.xml
hard_012,1push,hard,0.008,one_push,30.0,30.0,0,/common/users/dm1487/scratch_namo/real_buildable/pool1/med/rb_00233/env.xml
hard_013,1push,hard,0.0069,one_push,9.61,9.61,0,/common/users/dm1487/scratch_namo/real_buildable/pool1/med/rb_00114/env.xml
hard_014,1push,hard,0.0083,one_push,10.23,10.23,0,/common/users/dm1487/scratch_namo/real_buildable/pool2/med_301/rb_00045/env.xml
hard_015,1push,hard,0.0069,one_push,9.1,9.1,0,/common/users/dm1487/scratch_namo/real_buildable/pool1/med/rb_00162/env.xml
hard_016,1push,hard,0.0118,one_push,8.99,8.99,0,/common/users/dm1487/scratch_namo/real_buildable/pool1/hard/rb_00334/env.xml
hard_017,1push,hard,0.0069,one_push,9.1,9.1,0,/common/users/dm1487/scratch_namo/real_buildable/pool2/hard_207/rb_00055/env.xml
hard_018,1push,hard,0.0118,one_push,30.0,30.0,0,/common/users/dm1487/scratch_namo/real_buildable/pool2/hard_205/rb_00006/env.xml
hard_019,1push,hard,0.0071,one_push,9.95,9.95,0,/common/users/dm1487/scratch_namo/real_buildable/pool2/hard_202/rb_00027/env.xml
hard_020,1push,hard,0.0118,one_push,8.36,8.36,0,/common/users/dm1487/scratch_namo/real_buildable/pool2/hard_205/rb_00073/env.xml
hard_021,1push,hard,0.0071,one_push,9.16,9.16,0,/common/users/dm1487/scratch_namo/real_buildable/pool2/med_304/rb_00042/env.xml
hard_022,1push,hard,0.0125,one_push,10.97,10.74,0,/common/users/dm1487/scratch_namo/real_buildable/pool2/med_303/rb_00014/env.xml
hard_023,1push,hard,0.0074,one_push,30.0,30.0,0,/common/users/dm1487/scratch_namo/real_buildable/pool1/hard/rb_00110/env.xml
hard_024,1push,hard,0.0133,one_push,12.67,12.67,0,/common/users/dm1487/scratch_namo/real_buildable/pool2/hard_207/rb_00013/env.xml
hard_025,1push,hard,0.0074,one_push,8.42,8.42,0,/common/users/dm1487/scratch_namo/real_buildable/pool1/med/rb_00008/env.xml
hard_026,1push,hard,0.0138,one_push,30.0,30.0,0,/common/users/dm1487/scratch_namo/real_buildable/pool2/med_302/rb_00077/env.xml
hard_027,1push,hard,0.0074,one_push,9.1,9.1,0,/common/users/dm1487/scratch_namo/real_buildable/pool2/hard_206/rb_00071/env.xml
hard_028,1push,hard,0.0143,one_push,10.57,10.23,0,/common/users/dm1487/scratch_namo/real_buildable/pool1/med/rb_00026/env.xml
hard_029,1push,hard,0.0077,one_push,10.01,10.01,0,/common/users/dm1487/scratch_namo/real_buildable/pool1/med/rb_00249/env.xml
hard_030,1push,hard,0.0143,one_push,8.82,8.82,0,/common/users/dm1487/scratch_namo/real_buildable/pool2/hard_201/rb_00029/env.xml
hard_031,1push,hard,0.0077,one_push,9.16,9.16,0,/common/users/dm1487/scratch_namo/real_buildable/pool4/j_516/rb_00006/env.xml
hard_032,1push,hard,0.0154,one_push,11.2,9.95,0,/common/users/dm1487/scratch_namo/real_buildable/pool4/j_520/rb_00014/env.xml
hard_033,1push,hard,0.008,one_push,9.1,9.1,0,/common/users/dm1487/scratch_namo/real_buildable/pool1/hard/rb_00282/env.xml
hard_034,1push,hard,0.016,one_push,9.67,9.5,0,/common/users/dm1487/scratch_namo/real_buildable/pool2/med_301/rb_00082/env.xml
hard_035,1push,hard,0.008,one_push,9.55,9.55,0,/common/users/dm1487/scratch_namo/real_buildable/pool3/h2_410/rb_00043/env.xml
hard_036,1push,hard,0.0174,one_push,30.0,30.0,0,/common/users/dm1487/scratch_namo/real_buildable/pool1/hard/rb_00184/env.xml
hard_037,1push,hard,0.0087,one_push,30.0,30.0,0,/common/users/dm1487/scratch_namo/real_buildable/pool4/j_522/rb_00017/env.xml
hard_038,1push,hard,0.0174,one_push,30.0,30.0,0,/common/users/dm1487/scratch_namo/real_buildable/pool1/hard/rb_00439/env.xml
hard_039,1push,hard,0.0091,one_push,30.0,30.0,0,/common/users/dm1487/scratch_namo/real_buildable/pool2/hard_204/rb_00009/env.xml
hard_040,1push,hard,0.019,one_push,30.0,30.0,0,/common/users/dm1487/scratch_namo/real_buildable/pool2/hard_205/rb_00058/env.xml
hard_041,1push,hard,0.0121,one_push,9.21,8.82,0,/common/users/dm1487/scratch_namo/real_buildable/pool1/hard/rb_00460/env.xml
hard_042,1push,hard,0.0194,one_push,30.0,30.0,0,/common/users/dm1487/scratch_namo/real_buildable/pool2/hard_204/rb_00020/env.xml
hard_043,1push,hard,0.0121,one_push,10.69,9.84,0,/common/users/dm1487/scratch_namo/real_buildable/pool2/med_304/rb_00025/env.xml
hard_044,1push,hard,0.02,one_push,30.0,30.0,0,/common/users/dm1487/scratch_namo/real_buildable/pool1/med/rb_00125/env.xml
hard_045,1push,hard,0.0133,one_push,10.35,9.95,0,/common/users/dm1487/scratch_namo/real_buildable/pool1/hard/rb_00006/env.xml
hard_046,1push,hard,0.02,one_push,9.61,8.99,0,/common/users/dm1487/scratch_namo/real_buildable/pool1/med/rb_00128/env.xml
hard_047,1push,hard,0.0138,one_push,9.89,9.5,0,/common/users/dm1487/scratch_namo/real_buildable/pool1/med/rb_00024/env.xml
hard_048,1push,hard,0.02,one_push,30.0,30.0,0,/common/users/dm1487/scratch_namo/real_buildable/pool2/hard_206/rb_00055/env.xml
hard_049,1push,hard,0.0138,one_push,9.95,9.67,0,/common/users/dm1487/scratch_namo/real_buildable/pool2/med_301/rb_00010/env.xml
hard_050,1push,hard,0.0211,one_push,9.78,9.33,0,/common/users/dm1487/scratch_namo/real_buildable/pool2/med_302/rb_00064/env.xml
hard_051,1push,hard,0.0143,one_push,10.57,10.18,0,/common/users/dm1487/scratch_namo/real_buildable/pool1/hard/rb_00438/env.xml
hard_052,1push,hard,0.0222,one_push,9.67,9.27,0,/common/users/dm1487/scratch_namo/real_buildable/pool2/hard_202/rb_00074/env.xml
hard_053,1push,hard,0.0143,one_push,10.01,10.01,0,/common/users/dm1487/scratch_namo/real_buildable/pool1/med/rb_00067/env.xml
hard_054,1push,hard,0.0222,one_push,11.82,8.48,0,/common/users/dm1487/scratch_namo/real_buildable/pool2/hard_204/rb_00012/env.xml
hard_055,1push,hard,0.0143,one_push,9.67,9.27,0,/common/users/dm1487/scratch_namo/real_buildable/pool4b/j_619/rb_00010/env.xml
hard_056,1push,hard,0.0222,one_push,30.0,8.99,0,/common/users/dm1487/scratch_namo/real_buildable/pool2/med_303/rb_00083/env.xml
hard_057,1push,hard,0.0154,one_push,30.0,30.0,0,/common/users/dm1487/scratch_namo/real_buildable/pool2/med_301/rb_00070/env.xml
hard_058,1push,hard,0.0231,one_push,30.0,30.0,0,/common/users/dm1487/scratch_namo/real_buildable/pool2/med_301/rb_00054/env.xml
hard_059,1push,hard,0.016,one_push,30.0,30.0,0,/common/users/dm1487/scratch_namo/real_buildable/pool1/hard/rb_00256/env.xml
hard_060,1push,hard,0.0231,one_push,30.0,30.0,0,/common/users/dm1487/scratch_namo/real_buildable/pool2/med_303/rb_00066/env.xml
hard_061,1push,hard,0.016,one_push,10.18,9.67,0,/common/users/dm1487/scratch_namo/real_buildable/pool1/hard/rb_00430/env.xml
hard_062,1push,hard,0.025,one_push,30.0,9.16,0,/common/users/dm1487/scratch_namo/real_buildable/pool2/hard_202/rb_00036/env.xml
hard_063,1push,hard,0.016,one_push,9.95,9.33,0,/common/users/dm1487/scratch_namo/real_buildable/pool1/med/rb_00016/env.xml
hard_064,1push,hard,0.0261,one_push,30.0,30.0,0,/common/users/dm1487/scratch_namo/real_buildable/pool4/j_509/rb_00014/env.xml
hard_065,1push,hard,0.016,one_push,9.72,9.55,0,/common/users/dm1487/scratch_namo/real_buildable/pool4/j_510/rb_00000/env.xml
hard_066,1push,hard,0.0276,one_push,13.57,9.61,0,/common/users/dm1487/scratch_namo/real_buildable/pool2/hard_203/rb_00050/env.xml
hard_067,1push,hard,0.0167,one_push,30.0,30.0,0,/common/users/dm1487/scratch_namo/real_buildable/pool2/med_302/rb_00072/env.xml
hard_068,1push,hard,0.0276,one_push,30.0,30.0,0,/common/users/dm1487/scratch_namo/real_buildable/pool2/med_302/rb_00053/env.xml
hard_069,1push,hard,0.0174,one_push,30.0,30.0,0,/common/users/dm1487/scratch_namo/real_buildable/pool1/med/rb_00246/env.xml
hard_070,1push,hard,0.0286,one_push,14.03,8.93,0,/common/users/dm1487/scratch_namo/real_buildable/pool1/med/rb_00148/env.xml
hard_071,1push,hard,0.0182,one_push,30.0,30.0,0,/common/users/dm1487/scratch_namo/real_buildable/pool1/med/rb_00000/env.xml
hard_072,1push,hard,0.0286,one_push,30.0,30.0,0,/common/users/dm1487/scratch_namo/real_buildable/pool2/med_303/rb_00041/env.xml
hard_073,1push,hard,0.02,one_push,11.37,10.35,0,/common/users/dm1487/scratch_namo/real_buildable/pool1/med/rb_00179/env.xml
hard_074,1push,hard,0.0296,one_push,13.97,9.84,0,/common/users/dm1487/scratch_namo/real_buildable/pool2/med_302/rb_00023/env.xml
hard_075,1push,hard,0.0211,one_push,8.93,8.82,0,/common/users/dm1487/scratch_namo/real_buildable/pool2/hard_202/rb_00005/env.xml
hard_076,1push,hard,0.0308,one_push,30.0,30.0,0,/common/users/dm1487/scratch_namo/real_buildable/pool1/hard/rb_00196/env.xml
hard_077,1push,hard,0.0214,one_push,10.06,9.33,0,/common/users/dm1487/scratch_namo/real_buildable/pool2/med_304/rb_00006/env.xml
hard_078,1push,hard,0.0308,one_push,30.0,14.25,0,/common/users/dm1487/scratch_namo/real_buildable/pool1/med/rb_00009/env.xml
hard_079,1push,hard,0.0222,one_push,9.72,8.53,0,/common/users/dm1487/scratch_namo/real_buildable/pool1/med/rb_00282/env.xml
hard_080,1push,hard,0.0308,one_push,14.2,11.42,0,/common/users/dm1487/scratch_namo/real_buildable/pool2/hard_203/rb_00007/env.xml
hard_081,1push,hard,0.0222,one_push,9.89,9.27,0,/common/users/dm1487/scratch_namo/real_buildable/pool2/med_301/rb_00067/env.xml
hard_082,1push,hard,0.0312,one_push,12.16,10.74,0,/common/users/dm1487/scratch_namo/real_buildable/pool2/med_302/rb_00027/env.xml
hard_083,1push,hard,0.0222,one_push,30.0,8.93,0,/common/users/dm1487/scratch_namo/real_buildable/pool4/j_515/rb_00010/env.xml
hard_084,1push,hard,0.0333,one_push,9.55,9.55,0,/common/users/dm1487/scratch_namo/real_buildable/pool1/med/rb_00147/env.xml
hard_085,1push,hard,0.024,one_push,30.0,30.0,0,/common/users/dm1487/scratch_namo/real_buildable/pool1/med/rb_00062/env.xml
hard_086,1push,hard,0.0345,one_push,14.31,8.76,0,/common/users/dm1487/scratch_namo/real_buildable/pool1/hard/rb_00065/env.xml
hard_087,1push,hard,0.024,one_push,30.0,30.0,0,/common/users/dm1487/scratch_namo/real_buildable/pool1/med/rb_00171/env.xml
hard_088,1push,hard,0.0348,one_push,30.0,13.01,0,/common/users/dm1487/scratch_namo/real_buildable/pool1/hard/rb_00390/env.xml
hard_089,1push,hard,0.024,one_push,9.27,9.1,0,/common/users/dm1487/scratch_namo/real_buildable/pool2/hard_203/rb_00038/env.xml
hard_090,1push,hard,0.0364,one_push,30.0,10.18,0,/common/users/dm1487/scratch_namo/real_buildable/pool1/med/rb_00152/env.xml
hard_091,1push,hard,0.024,one_push,9.89,9.89,0,/common/users/dm1487/scratch_namo/real_buildable/pool4b/j_602/rb_00008/env.xml
hard_092,1push,hard,0.037,one_push,30.0,11.03,0,/common/users/dm1487/scratch_namo/real_buildable/pool2/med_303/rb_00027/env.xml
hard_093,1push,hard,0.025,one_push,13.18,10.8,0,/common/users/dm1487/scratch_namo/real_buildable/pool1/hard/rb_00366/env.xml
hard_094,1push,hard,0.0381,one_push,9.61,7.97,0,/common/users/dm1487/scratch_namo/real_buildable/pool2/med_301/rb_00068/env.xml
hard_095,1push,hard,0.025,one_push,11.37,10.46,0,/common/users/dm1487/scratch_namo/real_buildable/pool1/med/rb_00089/env.xml
hard_096,1push,hard,0.0385,one_push,30.0,9.1,0,/common/users/dm1487/scratch_namo/real_buildable/pool2/med_304/rb_00021/env.xml
hard_097,1push,hard,0.025,one_push,30.0,30.0,0,/common/users/dm1487/scratch_namo/real_buildable/pool2/med_304/rb_00067/env.xml
hard_098,1push,hard,0.04,one_push,10.74,7.97,0,/common/users/dm1487/scratch_namo/real_buildable/pool2/hard_202/rb_00070/env.xml
hard_099,1push,hard,0.025,one_push,8.36,8.36,0,/common/users/dm1487/scratch_namo/real_buildable/pool4b/j_601/rb_00010/env.xml
