/scratch/tdn39/real_exp/environments/twohop_candidates_v3_multiobject_topology_r1/med2-med2/twohop_multi_00021/env.xml	/scratch/tdn39/real_exp/results/twohop_v3_multiobject/topology_r1/exact_med_search_all1000_margin_0p1cm_v1/med2-med2/k1/shards/task_0021/xmls/twohop_candidates_v3_multiobject_topology_r1__med2-med2__twohop_multi_00021__env.xml	31	7	0.22580645161290322
/scratch/tdn39/real_exp/environments/twohop_candidates_v3_multiobject_topology_r1/med2-med2/twohop_multi_00023/env.xml	/scratch/tdn39/real_exp/results/twohop_v3_multiobject/topology_r1/exact_med_search_all1000_margin_0p1cm_v1/med2-med2/k1/shards/task_0023/xmls/twohop_candidates_v3_multiobject_topology_r1__med2-med2__twohop_multi_00023__env.xml	31	7	0.22580645161290322
/scratch/tdn39/real_exp/environments/twohop_candidates_v3_multiobject_topology_r1/med2-med2/twohop_multi_00026/env.xml	/scratch/tdn39/real_exp/results/twohop_v3_multiobject/topology_r1/exact_med_search_all1000_margin_0p1cm_v1/med2-med2/k1/shards/task_0026/xmls/twohop_candidates_v3_multiobject_topology_r1__med2-med2__twohop_multi_00026__env.xml	72	4	0.05555555555555555
/scratch/tdn39/real_exp/environments/twohop_candidates_v3_multiobject_topology_r1/med2-med2/twohop_multi_00028/env.xml	/scratch/tdn39/real_exp/results/twohop_v3_multiobject/topology_r1/exact_med_search_all1000_margin_0p1cm_v1/med2-med2/k1/shards/task_0028/xmls/twohop_candidates_v3_multiobject_topology_r1__med2-med2__twohop_multi_00028__env.xml	59	8	0.13559322033898305
/scratch/tdn39/real_exp/environments/twohop_candidates_v3_multiobject_topology_r1/med2-med2/twohop_multi_00029/env.xml	/scratch/tdn39/real_exp/results/twohop_v3_multiobject/topology_r1/exact_med_search_all1000_margin_0p1cm_v1/med2-med2/k1/shards/task_0029/xmls/twohop_candidates_v3_multiobject_topology_r1__med2-med2__twohop_multi_00029__env.xml	72	4	0.05555555555555555
/scratch/tdn39/real_exp/environments/twohop_candidates_v3_multiobject_topology_r1/med2-med2/twohop_multi_00037/env.xml	/scratch/tdn39/real_exp/results/twohop_v3_multiobject/topology_r1/exact_med_search_all1000_margin_0p1cm_v1/med2-med2/k1/shards/task_0037/xmls/twohop_candidates_v3_multiobject_topology_r1__med2-med2__twohop_multi_00037__env.xml	31	7	0.22580645161290322
/scratch/tdn39/real_exp/environments/twohop_candidates_v3_multiobject_topology_r1/med2-med2/twohop_multi_00057/env.xml	/scratch/tdn39/real_exp/results/twohop_v3_multiobject/topology_r1/exact_med_search_all1000_margin_0p1cm_v1/med2-med2/k1/shards/task_0057/xmls/twohop_candidates_v3_multiobject_topology_r1__med2-med2__twohop_multi_00057__env.xml	31	7	0.22580645161290322
/scratch/tdn39/real_exp/environments/twohop_candidates_v3_multiobject_topology_r1/med2-med2/twohop_multi_00062/env.xml	/scratch/tdn39/real_exp/results/twohop_v3_multiobject/topology_r1/exact_med_search_all1000_margin_0p1cm_v1/med2-med2/k1/shards/task_0062/xmls/twohop_candidates_v3_multiobject_topology_r1__med2-med2__twohop_multi_00062__env.xml	72	4	0.05555555555555555
/scratch/tdn39/real_exp/environments/twohop_candidates_v3_multiobject_topology_r1/med2-med2/twohop_multi_00067/env.xml	/scratch/tdn39/real_exp/results/twohop_v3_multiobject/topology_r1/exact_med_search_all1000_margin_0p1cm_v1/med2-med2/k1/shards/task_0067/xmls/twohop_candidates_v3_multiobject_topology_r1__med2-med2__twohop_multi_00067__env.xml	12	3	0.25
/scratch/tdn39/real_exp/environments/twohop_candidates_v3_multiobject_topology_r1/med2-med2/twohop_multi_00089/env.xml	/scratch/tdn39/real_exp/results/twohop_v3_multiobject/topology_r1/exact_med_search_all1000_margin_0p1cm_v1/med2-med2/k1/shards/task_0089/xmls/twohop_candidates_v3_multiobject_topology_r1__med2-med2__twohop_multi_00089__env.xml	72	4	0.05555555555555555
/scratch/tdn39/real_exp/environments/twohop_candidates_v3_multiobject_topology_r1/med2-med2/twohop_multi_00102/env.xml	/scratch/tdn39/real_exp/results/twohop_v3_multiobject/topology_r1/exact_med_search_all1000_margin_0p1cm_v1/med2-med2/k1/shards/task_0102/xmls/twohop_candidates_v3_multiobject_topology_r1__med2-med2__twohop_multi_00102__env.xml	12	3	0.25
/scratch/tdn39/real_exp/environments/twohop_candidates_v3_multiobject_topology_r1/med2-med2/twohop_multi_00135/env.xml	/scratch/tdn39/real_exp/results/twohop_v3_multiobject/topology_r1/exact_med_search_all1000_margin_0p1cm_v1/med2-med2/k1/shards/task_0135/xmls/twohop_candidates_v3_multiobject_topology_r1__med2-med2__twohop_multi_00135__env.xml	12	3	0.25
/scratch/tdn39/real_exp/environments/twohop_candidates_v3_multiobject_topology_r1/med2-med2/twohop_multi_00143/env.xml	/scratch/tdn39/real_exp/results/twohop_v3_multiobject/topology_r1/exact_med_search_all1000_margin_0p1cm_v1/med2-med2/k1/shards/task_0143/xmls/twohop_candidates_v3_multiobject_topology_r1__med2-med2__twohop_multi_00143__env.xml	53	3	0.05660377358490566
/scratch/tdn39/real_exp/environments/twohop_candidates_v3_multiobject_topology_r1/med2-med2/twohop_multi_00146/env.xml	/scratch/tdn39/real_exp/results/twohop_v3_multiobject/topology_r1/exact_med_search_all1000_margin_0p1cm_v1/med2-med2/k1/shards/task_0146/xmls/twohop_candidates_v3_multiobject_topology_r1__med2-med2__twohop_multi_00146__env.xml	12	3	0.25
/scratch/tdn39/real_exp/environments/twohop_candidates_v3_multiobject_topology_r1/med2-med2/twohop_multi_00156/env.xml	/scratch/tdn39/real_exp/results/twohop_v3_multiobject/topology_r1/exact_med_search_all1000_margin_0p1cm_v1/med2-med2/k1/shards/task_0156/xmls/twohop_candidates_v3_multiobject_topology_r1__med2-med2__twohop_multi_00156__env.xml	59	8	0.13559322033898305
/scratch/tdn39/real_exp/environments/twohop_candidates_v3_multiobject_topology_r1/med2-med2/twohop_multi_00168/env.xml	/scratch/tdn39/real_exp/results/twohop_v3_multiobject/topology_r1/exact_med_search_all1000_margin_0p1cm_v1/med2-med2/k1/shards/task_0168/xmls/twohop_candidates_v3_multiobject_topology_r1__med2-med2__twohop_multi_00168__env.xml	59	8	0.13559322033898305
/scratch/tdn39/real_exp/environments/twohop_candidates_v3_multiobject_topology_r1/med2-med2/twohop_multi_00217/env.xml	/scratch/tdn39/real_exp/results/twohop_v3_multiobject/topology_r1/exact_med_search_all1000_margin_0p1cm_v1/med2-med2/k1/shards/task_0217/xmls/twohop_candidates_v3_multiobject_topology_r1__med2-med2__twohop_multi_00217__env.xml	53	3	0.05660377358490566
/scratch/tdn39/real_exp/environments/twohop_candidates_v3_multiobject_topology_r1/med2-med2/twohop_multi_00222/env.xml	/scratch/tdn39/real_exp/results/twohop_v3_multiobject/topology_r1/exact_med_search_all1000_margin_0p1cm_v1/med2-med2/k1/shards/task_0222/xmls/twohop_candidates_v3_multiobject_topology_r1__med2-med2__twohop_multi_00222__env.xml	72	4	0.05555555555555555
/scratch/tdn39/real_exp/environments/twohop_candidates_v3_multiobject_topology_r1/med2-med2/twohop_multi_00243/env.xml	/scratch/tdn39/real_exp/results/twohop_v3_multiobject/topology_r1/exact_med_search_all1000_margin_0p1cm_v1/med2-med2/k1/shards/task_0243/xmls/twohop_candidates_v3_multiobject_topology_r1__med2-med2__twohop_multi_00243__env.xml	59	8	0.13559322033898305
/scratch/tdn39/real_exp/environments/twohop_candidates_v3_multiobject_topology_r1/med2-med2/twohop_multi_00256/env.xml	/scratch/tdn39/real_exp/results/twohop_v3_multiobject/topology_r1/exact_med_search_all1000_margin_0p1cm_v1/med2-med2/k1/shards/task_0256/xmls/twohop_candidates_v3_multiobject_topology_r1__med2-med2__twohop_multi_00256__env.xml	31	7	0.22580645161290322
/scratch/tdn39/real_exp/environments/twohop_candidates_v3_multiobject_topology_r1/med2-med2/twohop_multi_00266/env.xml	/scratch/tdn39/real_exp/results/twohop_v3_multiobject/topology_r1/exact_med_search_all1000_margin_0p1cm_v1/med2-med2/k1/shards/task_0266/xmls/twohop_candidates_v3_multiobject_topology_r1__med2-med2__twohop_multi_00266__env.xml	59	8	0.13559322033898305
/scratch/tdn39/real_exp/environments/twohop_candidates_v3_multiobject_topology_r1/med2-med2/twohop_multi_00278/env.xml	/scratch/tdn39/real_exp/results/twohop_v3_multiobject/topology_r1/exact_med_search_all1000_margin_0p1cm_v1/med2-med2/k1/shards/task_0278/xmls/twohop_candidates_v3_multiobject_topology_r1__med2-med2__twohop_multi_00278__env.xml	12	3	0.25
/scratch/tdn39/real_exp/environments/twohop_candidates_v3_multiobject_topology_r1/med2-med2/twohop_multi_00289/env.xml	/scratch/tdn39/real_exp/results/twohop_v3_multiobject/topology_r1/exact_med_search_all1000_margin_0p1cm_v1/med2-med2/k1/shards/task_0289/xmls/twohop_candidates_v3_multiobject_topology_r1__med2-med2__twohop_multi_00289__env.xml	12	3	0.25
/scratch/tdn39/real_exp/environments/twohop_candidates_v3_multiobject_topology_r1/med2-med2/twohop_multi_00294/env.xml	/scratch/tdn39/real_exp/results/twohop_v3_multiobject/topology_r1/exact_med_search_all1000_margin_0p1cm_v1/med2-med2/k1/shards/task_0294/xmls/twohop_candidates_v3_multiobject_topology_r1__med2-med2__twohop_multi_00294__env.xml	12	3	0.25
/scratch/tdn39/real_exp/environments/twohop_candidates_v3_multiobject_topology_r1/med2-med2/twohop_multi_00296/env.xml	/scratch/tdn39/real_exp/results/twohop_v3_multiobject/topology_r1/exact_med_search_all1000_margin_0p1cm_v1/med2-med2/k1/shards/task_0296/xmls/twohop_candidates_v3_multiobject_topology_r1__med2-med2__twohop_multi_00296__env.xml	76	6	0.07894736842105263
/scratch/tdn39/real_exp/environments/twohop_candidates_v3_multiobject_topology_r1/med2-med2/twohop_multi_00305/env.xml	/scratch/tdn39/real_exp/results/twohop_v3_multiobject/topology_r1/exact_med_search_all1000_margin_0p1cm_v1/med2-med2/k1/shards/task_0305/xmls/twohop_candidates_v3_multiobject_topology_r1__med2-med2__twohop_multi_00305__env.xml	59	8	0.13559322033898305
/scratch/tdn39/real_exp/environments/twohop_candidates_v3_multiobject_topology_r1/med2-med2/twohop_multi_00325/env.xml	/scratch/tdn39/real_exp/results/twohop_v3_multiobject/topology_r1/exact_med_search_all1000_margin_0p1cm_v1/med2-med2/k1/shards/task_0325/xmls/twohop_candidates_v3_multiobject_topology_r1__med2-med2__twohop_multi_00325__env.xml	31	7	0.22580645161290322
/scratch/tdn39/real_exp/environments/twohop_candidates_v3_multiobject_topology_r1/med2-med2/twohop_multi_00357/env.xml	/scratch/tdn39/real_exp/results/twohop_v3_multiobject/topology_r1/exact_med_search_all1000_margin_0p1cm_v1/med2-med2/k1/shards/task_0357/xmls/twohop_candidates_v3_multiobject_topology_r1__med2-med2__twohop_multi_00357__env.xml	59	8	0.13559322033898305
/scratch/tdn39/real_exp/environments/twohop_candidates_v3_multiobject_topology_r1/med2-med2/twohop_multi_00372/env.xml	/scratch/tdn39/real_exp/results/twohop_v3_multiobject/topology_r1/exact_med_search_all1000_margin_0p1cm_v1/med2-med2/k1/shards/task_0372/xmls/twohop_candidates_v3_multiobject_topology_r1__med2-med2__twohop_multi_00372__env.xml	31	7	0.22580645161290322
/scratch/tdn39/real_exp/environments/twohop_candidates_v3_multiobject_topology_r1/med2-med2/twohop_multi_00400/env.xml	/scratch/tdn39/real_exp/results/twohop_v3_multiobject/topology_r1/exact_med_search_all1000_margin_0p1cm_v1/med2-med2/k1/shards/task_0400/xmls/twohop_candidates_v3_multiobject_topology_r1__med2-med2__twohop_multi_00400__env.xml	59	8	0.13559322033898305
/scratch/tdn39/real_exp/environments/twohop_candidates_v3_multiobject_topology_r1/med2-med2/twohop_multi_00411/env.xml	/scratch/tdn39/real_exp/results/twohop_v3_multiobject/topology_r1/exact_med_search_all1000_margin_0p1cm_v1/med2-med2/k1/shards/task_0411/xmls/twohop_candidates_v3_multiobject_topology_r1__med2-med2__twohop_multi_00411__env.xml	59	8	0.13559322033898305
/scratch/tdn39/real_exp/environments/twohop_candidates_v3_multiobject_topology_r1/med2-med2/twohop_multi_00414/env.xml	/scratch/tdn39/real_exp/results/twohop_v3_multiobject/topology_r1/exact_med_search_all1000_margin_0p1cm_v1/med2-med2/k1/shards/task_0414/xmls/twohop_candidates_v3_multiobject_topology_r1__med2-med2__twohop_multi_00414__env.xml	31	7	0.22580645161290322
/scratch/tdn39/real_exp/environments/twohop_candidates_v3_multiobject_topology_r1/med2-med2/twohop_multi_00417/env.xml	/scratch/tdn39/real_exp/results/twohop_v3_multiobject/topology_r1/exact_med_search_all1000_margin_0p1cm_v1/med2-med2/k1/shards/task_0417/xmls/twohop_candidates_v3_multiobject_topology_r1__med2-med2__twohop_multi_00417__env.xml	72	4	0.05555555555555555
/scratch/tdn39/real_exp/environments/twohop_candidates_v3_multiobject_topology_r1/med2-med2/twohop_multi_00438/env.xml	/scratch/tdn39/real_exp/results/twohop_v3_multiobject/topology_r1/exact_med_search_all1000_margin_0p1cm_v1/med2-med2/k1/shards/task_0438/xmls/twohop_candidates_v3_multiobject_topology_r1__med2-med2__twohop_multi_00438__env.xml	31	7	0.22580645161290322
/scratch/tdn39/real_exp/environments/twohop_candidates_v3_multiobject_topology_r1/med2-med2/twohop_multi_00441/env.xml	/scratch/tdn39/real_exp/results/twohop_v3_multiobject/topology_r1/exact_med_search_all1000_margin_0p1cm_v1/med2-med2/k1/shards/task_0441/xmls/twohop_candidates_v3_multiobject_topology_r1__med2-med2__twohop_multi_00441__env.xml	72	4	0.05555555555555555
/scratch/tdn39/real_exp/environments/twohop_candidates_v3_multiobject_topology_r1/med2-med2/twohop_multi_00444/env.xml	/scratch/tdn39/real_exp/results/twohop_v3_multiobject/topology_r1/exact_med_search_all1000_margin_0p1cm_v1/med2-med2/k1/shards/task_0444/xmls/twohop_candidates_v3_multiobject_topology_r1__med2-med2__twohop_multi_00444__env.xml	31	7	0.22580645161290322
/scratch/tdn39/real_exp/environments/twohop_candidates_v3_multiobject_topology_r1/med2-med2/twohop_multi_00471/env.xml	/scratch/tdn39/real_exp/results/twohop_v3_multiobject/topology_r1/exact_med_search_all1000_margin_0p1cm_v1/med2-med2/k1/shards/task_0471/xmls/twohop_candidates_v3_multiobject_topology_r1__med2-med2__twohop_multi_00471__env.xml	72	4	0.05555555555555555
/scratch/tdn39/real_exp/environments/twohop_candidates_v3_multiobject_topology_r1/med2-med2/twohop_multi_00476/env.xml	/scratch/tdn39/real_exp/results/twohop_v3_multiobject/topology_r1/exact_med_search_all1000_margin_0p1cm_v1/med2-med2/k1/shards/task_0476/xmls/twohop_candidates_v3_multiobject_topology_r1__med2-med2__twohop_multi_00476__env.xml	59	8	0.13559322033898305
/scratch/tdn39/real_exp/environments/twohop_candidates_v3_multiobject_topology_r1/med2-med2/twohop_multi_00495/env.xml	/scratch/tdn39/real_exp/results/twohop_v3_multiobject/topology_r1/exact_med_search_all1000_margin_0p1cm_v1/med2-med2/k1/shards/task_0495/xmls/twohop_candidates_v3_multiobject_topology_r1__med2-med2__twohop_multi_00495__env.xml	12	3	0.25
/scratch/tdn39/real_exp/environments/twohop_candidates_v3_multiobject_topology_r1/med2-med2/twohop_multi_00507/env.xml	/scratch/tdn39/real_exp/results/twohop_v3_multiobject/topology_r1/exact_med_search_all1000_margin_0p1cm_v1/med2-med2/k1/shards/task_0507/xmls/twohop_candidates_v3_multiobject_topology_r1__med2-med2__twohop_multi_00507__env.xml	72	4	0.05555555555555555
/scratch/tdn39/real_exp/environments/twohop_candidates_v3_multiobject_topology_r1/med2-med2/twohop_multi_00521/env.xml	/scratch/tdn39/real_exp/results/twohop_v3_multiobject/topology_r1/exact_med_search_all1000_margin_0p1cm_v1/med2-med2/k1/shards/task_0521/xmls/twohop_candidates_v3_multiobject_topology_r1__med2-med2__twohop_multi_00521__env.xml	31	7	0.22580645161290322
/scratch/tdn39/real_exp/environments/twohop_candidates_v3_multiobject_topology_r1/med2-med2/twohop_multi_00523/env.xml	/scratch/tdn39/real_exp/results/twohop_v3_multiobject/topology_r1/exact_med_search_all1000_margin_0p1cm_v1/med2-med2/k1/shards/task_0523/xmls/twohop_candidates_v3_multiobject_topology_r1__med2-med2__twohop_multi_00523__env.xml	11	3	0.2727272727272727
/scratch/tdn39/real_exp/environments/twohop_candidates_v3_multiobject_topology_r1/med2-med2/twohop_multi_00536/env.xml	/scratch/tdn39/real_exp/results/twohop_v3_multiobject/topology_r1/exact_med_search_all1000_margin_0p1cm_v1/med2-med2/k1/shards/task_0536/xmls/twohop_candidates_v3_multiobject_topology_r1__med2-med2__twohop_multi_00536__env.xml	59	8	0.13559322033898305
/scratch/tdn39/real_exp/environments/twohop_candidates_v3_multiobject_topology_r1/med2-med2/twohop_multi_00547/env.xml	/scratch/tdn39/real_exp/results/twohop_v3_multiobject/topology_r1/exact_med_search_all1000_margin_0p1cm_v1/med2-med2/k1/shards/task_0547/xmls/twohop_candidates_v3_multiobject_topology_r1__med2-med2__twohop_multi_00547__env.xml	31	7	0.22580645161290322
/scratch/tdn39/real_exp/environments/twohop_candidates_v3_multiobject_topology_r1/med2-med2/twohop_multi_00579/env.xml	/scratch/tdn39/real_exp/results/twohop_v3_multiobject/topology_r1/exact_med_search_all1000_margin_0p1cm_v1/med2-med2/k1/shards/task_0579/xmls/twohop_candidates_v3_multiobject_topology_r1__med2-med2__twohop_multi_00579__env.xml	72	4	0.05555555555555555
/scratch/tdn39/real_exp/environments/twohop_candidates_v3_multiobject_topology_r1/med2-med2/twohop_multi_00600/env.xml	/scratch/tdn39/real_exp/results/twohop_v3_multiobject/topology_r1/exact_med_search_all1000_margin_0p1cm_v1/med2-med2/k1/shards/task_0600/xmls/twohop_candidates_v3_multiobject_topology_r1__med2-med2__twohop_multi_00600__env.xml	72	4	0.05555555555555555
/scratch/tdn39/real_exp/environments/twohop_candidates_v3_multiobject_topology_r1/med2-med2/twohop_multi_00615/env.xml	/scratch/tdn39/real_exp/results/twohop_v3_multiobject/topology_r1/exact_med_search_all1000_margin_0p1cm_v1/med2-med2/k1/shards/task_0615/xmls/twohop_candidates_v3_multiobject_topology_r1__med2-med2__twohop_multi_00615__env.xml	12	3	0.25
/scratch/tdn39/real_exp/environments/twohop_candidates_v3_multiobject_topology_r1/med2-med2/twohop_multi_00618/env.xml	/scratch/tdn39/real_exp/results/twohop_v3_multiobject/topology_r1/exact_med_search_all1000_margin_0p1cm_v1/med2-med2/k1/shards/task_0618/xmls/twohop_candidates_v3_multiobject_topology_r1__med2-med2__twohop_multi_00618__env.xml	31	7	0.22580645161290322
/scratch/tdn39/real_exp/environments/twohop_candidates_v3_multiobject_topology_r1/med2-med2/twohop_multi_00624/env.xml	/scratch/tdn39/real_exp/results/twohop_v3_multiobject/topology_r1/exact_med_search_all1000_margin_0p1cm_v1/med2-med2/k1/shards/task_0624/xmls/twohop_candidates_v3_multiobject_topology_r1__med2-med2__twohop_multi_00624__env.xml	59	8	0.13559322033898305
/scratch/tdn39/real_exp/environments/twohop_candidates_v3_multiobject_topology_r1/med2-med2/twohop_multi_00637/env.xml	/scratch/tdn39/real_exp/results/twohop_v3_multiobject/topology_r1/exact_med_search_all1000_margin_0p1cm_v1/med2-med2/k1/shards/task_0637/xmls/twohop_candidates_v3_multiobject_topology_r1__med2-med2__twohop_multi_00637__env.xml	31	7	0.22580645161290322
/scratch/tdn39/real_exp/environments/twohop_candidates_v3_multiobject_topology_r1/med2-med2/twohop_multi_00648/env.xml	/scratch/tdn39/real_exp/results/twohop_v3_multiobject/topology_r1/exact_med_search_all1000_margin_0p1cm_v1/med2-med2/k1/shards/task_0648/xmls/twohop_candidates_v3_multiobject_topology_r1__med2-med2__twohop_multi_00648__env.xml	31	8	0.25806451612903225
/scratch/tdn39/real_exp/environments/twohop_candidates_v3_multiobject_topology_r1/med2-med2/twohop_multi_00656/env.xml	/scratch/tdn39/real_exp/results/twohop_v3_multiobject/topology_r1/exact_med_search_all1000_margin_0p1cm_v1/med2-med2/k1/shards/task_0656/xmls/twohop_candidates_v3_multiobject_topology_r1__med2-med2__twohop_multi_00656__env.xml	59	8	0.13559322033898305
/scratch/tdn39/real_exp/environments/twohop_candidates_v3_multiobject_topology_r1/med2-med2/twohop_multi_00687/env.xml	/scratch/tdn39/real_exp/results/twohop_v3_multiobject/topology_r1/exact_med_search_all1000_margin_0p1cm_v1/med2-med2/k1/shards/task_0687/xmls/twohop_candidates_v3_multiobject_topology_r1__med2-med2__twohop_multi_00687__env.xml	59	8	0.13559322033898305
/scratch/tdn39/real_exp/environments/twohop_candidates_v3_multiobject_topology_r1/med2-med2/twohop_multi_00695/env.xml	/scratch/tdn39/real_exp/results/twohop_v3_multiobject/topology_r1/exact_med_search_all1000_margin_0p1cm_v1/med2-med2/k1/shards/task_0695/xmls/twohop_candidates_v3_multiobject_topology_r1__med2-med2__twohop_multi_00695__env.xml	12	3	0.25
/scratch/tdn39/real_exp/environments/twohop_candidates_v3_multiobject_topology_r1/med2-med2/twohop_multi_00703/env.xml	/scratch/tdn39/real_exp/results/twohop_v3_multiobject/topology_r1/exact_med_search_all1000_margin_0p1cm_v1/med2-med2/k1/shards/task_0703/xmls/twohop_candidates_v3_multiobject_topology_r1__med2-med2__twohop_multi_00703__env.xml	72	4	0.05555555555555555
/scratch/tdn39/real_exp/environments/twohop_candidates_v3_multiobject_topology_r1/med2-med2/twohop_multi_00710/env.xml	/scratch/tdn39/real_exp/results/twohop_v3_multiobject/topology_r1/exact_med_search_all1000_margin_0p1cm_v1/med2-med2/k1/shards/task_0710/xmls/twohop_candidates_v3_multiobject_topology_r1__med2-med2__twohop_multi_00710__env.xml	34	9	0.2647058823529412
/scratch/tdn39/real_exp/environments/twohop_candidates_v3_multiobject_topology_r1/med2-med2/twohop_multi_00785/env.xml	/scratch/tdn39/real_exp/results/twohop_v3_multiobject/topology_r1/exact_med_search_all1000_margin_0p1cm_v1/med2-med2/k1/shards/task_0785/xmls/twohop_candidates_v3_multiobject_topology_r1__med2-med2__twohop_multi_00785__env.xml	72	4	0.05555555555555555
/scratch/tdn39/real_exp/environments/twohop_candidates_v3_multiobject_topology_r1/med2-med2/twohop_multi_00826/env.xml	/scratch/tdn39/real_exp/results/twohop_v3_multiobject/topology_r1/exact_med_search_all1000_margin_0p1cm_v1/med2-med2/k1/shards/task_0826/xmls/twohop_candidates_v3_multiobject_topology_r1__med2-med2__twohop_multi_00826__env.xml	59	8	0.13559322033898305
/scratch/tdn39/real_exp/environments/twohop_candidates_v3_multiobject_topology_r1/med2-med2/twohop_multi_00829/env.xml	/scratch/tdn39/real_exp/results/twohop_v3_multiobject/topology_r1/exact_med_search_all1000_margin_0p1cm_v1/med2-med2/k1/shards/task_0829/xmls/twohop_candidates_v3_multiobject_topology_r1__med2-med2__twohop_multi_00829__env.xml	12	3	0.25
/scratch/tdn39/real_exp/environments/twohop_candidates_v3_multiobject_topology_r1/med2-med2/twohop_multi_00831/env.xml	/scratch/tdn39/real_exp/results/twohop_v3_multiobject/topology_r1/exact_med_search_all1000_margin_0p1cm_v1/med2-med2/k1/shards/task_0831/xmls/twohop_candidates_v3_multiobject_topology_r1__med2-med2__twohop_multi_00831__env.xml	31	8	0.25806451612903225
/scratch/tdn39/real_exp/environments/twohop_candidates_v3_multiobject_topology_r1/med2-med2/twohop_multi_00835/env.xml	/scratch/tdn39/real_exp/results/twohop_v3_multiobject/topology_r1/exact_med_search_all1000_margin_0p1cm_v1/med2-med2/k1/shards/task_0835/xmls/twohop_candidates_v3_multiobject_topology_r1__med2-med2__twohop_multi_00835__env.xml	59	8	0.13559322033898305
/scratch/tdn39/real_exp/environments/twohop_candidates_v3_multiobject_topology_r1/med2-med2/twohop_multi_00837/env.xml	/scratch/tdn39/real_exp/results/twohop_v3_multiobject/topology_r1/exact_med_search_all1000_margin_0p1cm_v1/med2-med2/k1/shards/task_0837/xmls/twohop_candidates_v3_multiobject_topology_r1__med2-med2__twohop_multi_00837__env.xml	72	4	0.05555555555555555
/scratch/tdn39/real_exp/environments/twohop_candidates_v3_multiobject_topology_r1/med2-med2/twohop_multi_00863/env.xml	/scratch/tdn39/real_exp/results/twohop_v3_multiobject/topology_r1/exact_med_search_all1000_margin_0p1cm_v1/med2-med2/k1/shards/task_0863/xmls/twohop_candidates_v3_multiobject_topology_r1__med2-med2__twohop_multi_00863__env.xml	31	7	0.22580645161290322
/scratch/tdn39/real_exp/environments/twohop_candidates_v3_multiobject_topology_r1/med2-med2/twohop_multi_00887/env.xml	/scratch/tdn39/real_exp/results/twohop_v3_multiobject/topology_r1/exact_med_search_all1000_margin_0p1cm_v1/med2-med2/k1/shards/task_0887/xmls/twohop_candidates_v3_multiobject_topology_r1__med2-med2__twohop_multi_00887__env.xml	59	8	0.13559322033898305
/scratch/tdn39/real_exp/environments/twohop_candidates_v3_multiobject_topology_r1/med2-med2/twohop_multi_00896/env.xml	/scratch/tdn39/real_exp/results/twohop_v3_multiobject/topology_r1/exact_med_search_all1000_margin_0p1cm_v1/med2-med2/k1/shards/task_0896/xmls/twohop_candidates_v3_multiobject_topology_r1__med2-med2__twohop_multi_00896__env.xml	31	8	0.25806451612903225
/scratch/tdn39/real_exp/environments/twohop_candidates_v3_multiobject_topology_r1/med2-med2/twohop_multi_00919/env.xml	/scratch/tdn39/real_exp/results/twohop_v3_multiobject/topology_r1/exact_med_search_all1000_margin_0p1cm_v1/med2-med2/k1/shards/task_0919/xmls/twohop_candidates_v3_multiobject_topology_r1__med2-med2__twohop_multi_00919__env.xml	31	7	0.22580645161290322
/scratch/tdn39/real_exp/environments/twohop_candidates_v3_multiobject_topology_r1/med2-med2/twohop_multi_00940/env.xml	/scratch/tdn39/real_exp/results/twohop_v3_multiobject/topology_r1/exact_med_search_all1000_margin_0p1cm_v1/med2-med2/k1/shards/task_0940/xmls/twohop_candidates_v3_multiobject_topology_r1__med2-med2__twohop_multi_00940__env.xml	72	4	0.05555555555555555
/scratch/tdn39/real_exp/environments/twohop_candidates_v3_multiobject_topology_r1/med2-med2/twohop_multi_00951/env.xml	/scratch/tdn39/real_exp/results/twohop_v3_multiobject/topology_r1/exact_med_search_all1000_margin_0p1cm_v1/med2-med2/k1/shards/task_0951/xmls/twohop_candidates_v3_multiobject_topology_r1__med2-med2__twohop_multi_00951__env.xml	12	3	0.25
/scratch/tdn39/real_exp/environments/twohop_candidates_v3_multiobject_topology_r1/med2-med2/twohop_multi_00957/env.xml	/scratch/tdn39/real_exp/results/twohop_v3_multiobject/topology_r1/exact_med_search_all1000_margin_0p1cm_v1/med2-med2/k1/shards/task_0957/xmls/twohop_candidates_v3_multiobject_topology_r1__med2-med2__twohop_multi_00957__env.xml	12	3	0.25
/scratch/tdn39/real_exp/environments/twohop_candidates_v3_multiobject_topology_r1/med2-med2/twohop_multi_00958/env.xml	/scratch/tdn39/real_exp/results/twohop_v3_multiobject/topology_r1/exact_med_search_all1000_margin_0p1cm_v1/med2-med2/k1/shards/task_0958/xmls/twohop_candidates_v3_multiobject_topology_r1__med2-med2__twohop_multi_00958__env.xml	59	8	0.13559322033898305
